mondo_id	subset	omim_id
ID	AI oboInOwl:inSubset	>A oboInOwl:source
MONDO:0000070	http://purl.obolibrary.org/obo/mondo#omim_susceptibility	OMIM:607948
MONDO:0001056	http://purl.obolibrary.org/obo/mondo#omim_susceptibility	OMIM:613659
MONDO:0002009	http://purl.obolibrary.org/obo/mondo#omim_susceptibility	OMIM:608516
MONDO:0002629	http://purl.obolibrary.org/obo/mondo#omim_susceptibility	OMIM:259500
MONDO:0004951	http://purl.obolibrary.org/obo/mondo#omim_susceptibility	OMIM:609423
MONDO:0005002	http://purl.obolibrary.org/obo/mondo#omim_susceptibility	OMIM:606963
MONDO:0005090	http://purl.obolibrary.org/obo/mondo#omim_susceptibility	OMIM:181500
MONDO:0005147	http://purl.obolibrary.org/obo/mondo#omim_susceptibility	OMIM:222100
MONDO:0005148	http://purl.obolibrary.org/obo/mondo#omim_susceptibility	OMIM:125853
MONDO:0005298	http://purl.obolibrary.org/obo/mondo#omim_susceptibility	OMIM:166710
MONDO:0005575	http://purl.obolibrary.org/obo/mondo#omim_susceptibility	OMIM:114500
MONDO:0006292	http://purl.obolibrary.org/obo/mondo#omim_susceptibility	OMIM:156240
MONDO:0007079	http://purl.obolibrary.org/obo/mondo#omim_susceptibility	OMIM:103780
MONDO:0007088	http://purl.obolibrary.org/obo/mondo#omim_susceptibility	OMIM:104300
MONDO:0007103	http://purl.obolibrary.org/obo/mondo#omim_susceptibility	OMIM:105400
MONDO:0007104	http://purl.obolibrary.org/obo/mondo#omim_susceptibility	OMIM:105500
MONDO:0007126	http://purl.obolibrary.org/obo/mondo#omim_susceptibility	OMIM:106300
MONDO:0007154	http://purl.obolibrary.org/obo/mondo#omim_susceptibility	OMIM:108010
MONDO:0007329	http://purl.obolibrary.org/obo/mondo#omim_susceptibility	OMIM:215600
MONDO:0007348	http://purl.obolibrary.org/obo/mondo#omim_susceptibility	OMIM:120080
MONDO:0007403	http://purl.obolibrary.org/obo/mondo#omim_susceptibility	OMIM:123400
MONDO:0007487	http://purl.obolibrary.org/obo/mondo#omim_susceptibility	OMIM:127700
MONDO:0007488	http://purl.obolibrary.org/obo/mondo#omim_susceptibility	OMIM:127750
MONDO:0007566	http://purl.obolibrary.org/obo/mondo#omim_susceptibility	OMIM:132800
MONDO:0007573	http://purl.obolibrary.org/obo/mondo#omim_susceptibility	OMIM:133180
MONDO:0007661	http://purl.obolibrary.org/obo/mondo#omim_susceptibility	OMIM:137580
MONDO:0007699	http://purl.obolibrary.org/obo/mondo#omim_susceptibility	OMIM:140300
MONDO:0007704	http://purl.obolibrary.org/obo/mondo#omim_susceptibility	OMIM:140600
MONDO:0007723	http://purl.obolibrary.org/obo/mondo#omim_susceptibility	OMIM:142623
MONDO:0007748	http://purl.obolibrary.org/obo/mondo#omim_susceptibility	OMIM:143870
MONDO:0007750	http://purl.obolibrary.org/obo/mondo#omim_susceptibility	OMIM:143890
MONDO:0007763	http://purl.obolibrary.org/obo/mondo#omim_susceptibility	OMIM:144700
MONDO:0007781	http://purl.obolibrary.org/obo/mondo#omim_susceptibility	OMIM:145500
MONDO:0007783	http://purl.obolibrary.org/obo/mondo#omim_susceptibility	OMIM:145600
MONDO:0007788	http://purl.obolibrary.org/obo/mondo#omim_susceptibility	OMIM:145750
MONDO:0007845	http://purl.obolibrary.org/obo/mondo#omim_susceptibility	OMIM:148000
MONDO:0007915	http://purl.obolibrary.org/obo/mondo#omim_susceptibility	OMIM:152700
MONDO:0007932	http://purl.obolibrary.org/obo/mondo#omim_susceptibility	OMIM:153800
MONDO:0007959	http://purl.obolibrary.org/obo/mondo#omim_susceptibility	OMIM:155255
MONDO:0007964	http://purl.obolibrary.org/obo/mondo#omim_susceptibility	OMIM:155601
MONDO:0007967	http://purl.obolibrary.org/obo/mondo#omim_susceptibility	OMIM:155755
MONDO:0008000	http://purl.obolibrary.org/obo/mondo#omim_susceptibility	OMIM:157300
MONDO:0008048	http://purl.obolibrary.org/obo/mondo#omim_susceptibility	OMIM:160150
MONDO:0008114	http://purl.obolibrary.org/obo/mondo#omim_susceptibility	OMIM:164230
MONDO:0008143	http://purl.obolibrary.org/obo/mondo#omim_susceptibility	OMIM:165720
MONDO:0008162	http://purl.obolibrary.org/obo/mondo#omim_susceptibility	OMIM:166760
MONDO:0008185	http://purl.obolibrary.org/obo/mondo#omim_susceptibility	OMIM:167800
MONDO:0008199	http://purl.obolibrary.org/obo/mondo#omim_susceptibility	OMIM:168600
MONDO:0008233	http://purl.obolibrary.org/obo/mondo#omim_susceptibility	OMIM:171300
MONDO:0008334	http://purl.obolibrary.org/obo/mondo#omim_susceptibility	OMIM:177900
MONDO:0008383	http://purl.obolibrary.org/obo/mondo#omim_susceptibility	OMIM:180300
MONDO:0008399	http://purl.obolibrary.org/obo/mondo#omim_susceptibility	OMIM:181000
MONDO:0008458	http://purl.obolibrary.org/obo/mondo#omim_susceptibility	OMIM:183090
MONDO:0008559	http://purl.obolibrary.org/obo/mondo#omim_susceptibility	OMIM:188050
MONDO:0008560	http://purl.obolibrary.org/obo/mondo#omim_susceptibility	OMIM:188055
MONDO:0008566	http://purl.obolibrary.org/obo/mondo#omim_susceptibility	OMIM:188470
MONDO:0008567	http://purl.obolibrary.org/obo/mondo#omim_susceptibility	OMIM:188550
MONDO:0008570	http://purl.obolibrary.org/obo/mondo#omim_susceptibility	OMIM:188580
MONDO:0008590	http://purl.obolibrary.org/obo/mondo#omim_susceptibility	OMIM:190300
MONDO:0008667	http://purl.obolibrary.org/obo/mondo#omim_susceptibility	OMIM:193300
MONDO:0008734	http://purl.obolibrary.org/obo/mondo#omim_susceptibility	OMIM:202300
MONDO:0008746	http://purl.obolibrary.org/obo/mondo#omim_susceptibility	OMIM:203200
MONDO:0008834	http://purl.obolibrary.org/obo/mondo#omim_susceptibility	OMIM:208550
MONDO:0008854	http://purl.obolibrary.org/obo/mondo#omim_susceptibility	OMIM:209900
MONDO:0008887	http://purl.obolibrary.org/obo/mondo#omim_susceptibility	OMIM:211400
MONDO:0008903	http://purl.obolibrary.org/obo/mondo#omim_susceptibility	OMIM:211980
MONDO:0008930	http://purl.obolibrary.org/obo/mondo#omim_susceptibility	OMIM:212750
MONDO:0009061	http://purl.obolibrary.org/obo/mondo#omim_susceptibility	OMIM:219700
MONDO:0009335	http://purl.obolibrary.org/obo/mondo#omim_susceptibility	OMIM:235400
MONDO:0009348	http://purl.obolibrary.org/obo/mondo#omim_susceptibility	OMIM:236000
MONDO:0009500	http://purl.obolibrary.org/obo/mondo#omim_susceptibility	OMIM:245300
MONDO:0009518	http://purl.obolibrary.org/obo/mondo#omim_susceptibility	OMIM:246300
MONDO:0009672	http://purl.obolibrary.org/obo/mondo#omim_susceptibility	OMIM:253400
MONDO:0009693	http://purl.obolibrary.org/obo/mondo#omim_susceptibility	OMIM:254500
MONDO:0009696	http://purl.obolibrary.org/obo/mondo#omim_susceptibility	OMIM:254770
MONDO:0009741	http://purl.obolibrary.org/obo/mondo#omim_susceptibility	OMIM:256700
MONDO:0009789	http://purl.obolibrary.org/obo/mondo#omim_susceptibility	OMIM:258660
MONDO:0009837	http://purl.obolibrary.org/obo/mondo#omim_susceptibility	OMIM:260500
MONDO:0009925	http://purl.obolibrary.org/obo/mondo#omim_susceptibility	OMIM:264800
MONDO:0009960	http://purl.obolibrary.org/obo/mondo#omim_susceptibility	OMIM:266600
MONDO:0010086	http://purl.obolibrary.org/obo/mondo#omim_susceptibility	OMIM:272120
MONDO:0010108	http://purl.obolibrary.org/obo/mondo#omim_susceptibility	OMIM:273300
MONDO:0010169	http://purl.obolibrary.org/obo/mondo#omim_susceptibility	OMIM:276901
MONDO:0010321	http://purl.obolibrary.org/obo/mondo#omim_susceptibility	OMIM:300425
MONDO:0010341	http://purl.obolibrary.org/obo/mondo#omim_susceptibility	OMIM:300495
MONDO:0010342	http://purl.obolibrary.org/obo/mondo#omim_susceptibility	OMIM:300496
MONDO:0010432	http://purl.obolibrary.org/obo/mondo#omim_susceptibility	OMIM:300807
MONDO:0010440	http://purl.obolibrary.org/obo/mondo#omim_susceptibility	OMIM:300830
MONDO:0010449	http://purl.obolibrary.org/obo/mondo#omim_susceptibility	OMIM:300847
MONDO:0010469	http://purl.obolibrary.org/obo/mondo#omim_susceptibility	OMIM:300872
MONDO:0010640	http://purl.obolibrary.org/obo/mondo#omim_susceptibility	OMIM:308905
MONDO:0010799	http://purl.obolibrary.org/obo/mondo#omim_susceptibility	OMIM:580000
MONDO:0010833	http://purl.obolibrary.org/obo/mondo#omim_susceptibility	OMIM:600155
MONDO:0010853	http://purl.obolibrary.org/obo/mondo#omim_susceptibility	OMIM:600263
MONDO:0010863	http://purl.obolibrary.org/obo/mondo#omim_susceptibility	OMIM:600320
MONDO:0010940	http://purl.obolibrary.org/obo/mondo#omim_susceptibility	OMIM:600807
MONDO:0010943	http://purl.obolibrary.org/obo/mondo#omim_susceptibility	OMIM:600850
MONDO:0010947	http://purl.obolibrary.org/obo/mondo#omim_susceptibility	OMIM:600880
MONDO:0011027	http://purl.obolibrary.org/obo/mondo#omim_susceptibility	OMIM:601283
MONDO:0011037	http://purl.obolibrary.org/obo/mondo#omim_susceptibility	OMIM:601331
MONDO:0011068	http://purl.obolibrary.org/obo/mondo#omim_susceptibility	OMIM:601388
MONDO:0011073	http://purl.obolibrary.org/obo/mondo#omim_susceptibility	OMIM:601410
MONDO:0011112	http://purl.obolibrary.org/obo/mondo#omim_susceptibility	OMIM:601583
MONDO:0011120	http://purl.obolibrary.org/obo/mondo#omim_susceptibility	OMIM:601634
MONDO:0011138	http://purl.obolibrary.org/obo/mondo#omim_susceptibility	OMIM:601744
MONDO:0011158	http://purl.obolibrary.org/obo/mondo#omim_susceptibility	OMIM:601859
MONDO:0011163	http://purl.obolibrary.org/obo/mondo#omim_susceptibility	OMIM:601887
MONDO:0011168	http://purl.obolibrary.org/obo/mondo#omim_susceptibility	OMIM:601942
MONDO:0011183	http://purl.obolibrary.org/obo/mondo#omim_susceptibility	OMIM:602080
MONDO:0011191	http://purl.obolibrary.org/obo/mondo#omim_susceptibility	OMIM:602089
MONDO:0011237	http://purl.obolibrary.org/obo/mondo#omim_susceptibility	OMIM:602491
MONDO:0011280	http://purl.obolibrary.org/obo/mondo#omim_susceptibility	OMIM:603013
MONDO:0011285	http://purl.obolibrary.org/obo/mondo#omim_susceptibility	OMIM:603075
MONDO:0011361	http://purl.obolibrary.org/obo/mondo#omim_susceptibility	OMIM:603688
MONDO:0011369	http://purl.obolibrary.org/obo/mondo#omim_susceptibility	OMIM:603776
MONDO:0011385	http://purl.obolibrary.org/obo/mondo#omim_susceptibility	OMIM:603932
MONDO:0011386	http://purl.obolibrary.org/obo/mondo#omim_susceptibility	OMIM:603933
MONDO:0011429	http://purl.obolibrary.org/obo/mondo#omim_susceptibility	OMIM:604302
MONDO:0011450	http://purl.obolibrary.org/obo/mondo#omim_susceptibility	OMIM:604370
MONDO:0011498	http://purl.obolibrary.org/obo/mondo#omim_susceptibility	OMIM:604906
MONDO:0011508	http://purl.obolibrary.org/obo/mondo#omim_susceptibility	OMIM:605027
MONDO:0011554	http://purl.obolibrary.org/obo/mondo#omim_susceptibility	OMIM:605429
MONDO:0011573	http://purl.obolibrary.org/obo/mondo#omim_susceptibility	OMIM:605606
MONDO:0011596	http://purl.obolibrary.org/obo/mondo#omim_susceptibility	OMIM:605803
MONDO:0011622	http://purl.obolibrary.org/obo/mondo#omim_susceptibility	OMIM:605990
MONDO:0011650	http://purl.obolibrary.org/obo/mondo#omim_susceptibility	OMIM:606217
MONDO:0011684	http://purl.obolibrary.org/obo/mondo#omim_susceptibility	OMIM:606579
MONDO:0011685	http://purl.obolibrary.org/obo/mondo#omim_susceptibility	OMIM:606581
MONDO:0011693	http://purl.obolibrary.org/obo/mondo#omim_susceptibility	OMIM:606657
MONDO:0011695	http://purl.obolibrary.org/obo/mondo#omim_susceptibility	OMIM:606660
MONDO:0011696	http://purl.obolibrary.org/obo/mondo#omim_susceptibility	OMIM:606661
MONDO:0011713	http://purl.obolibrary.org/obo/mondo#omim_susceptibility	OMIM:606719
MONDO:0011739	http://purl.obolibrary.org/obo/mondo#omim_susceptibility	OMIM:606856
MONDO:0011764	http://purl.obolibrary.org/obo/mondo#omim_susceptibility	OMIM:607060
MONDO:0011784	http://purl.obolibrary.org/obo/mondo#omim_susceptibility	OMIM:607151
MONDO:0011789	http://purl.obolibrary.org/obo/mondo#omim_susceptibility	OMIM:607174
MONDO:0011805	http://purl.obolibrary.org/obo/mondo#omim_susceptibility	OMIM:607277
MONDO:0011806	http://purl.obolibrary.org/obo/mondo#omim_susceptibility	OMIM:607278
MONDO:0011817	http://purl.obolibrary.org/obo/mondo#omim_susceptibility	OMIM:607339
MONDO:0011836	http://purl.obolibrary.org/obo/mondo#omim_susceptibility	OMIM:607464
MONDO:0011875	http://purl.obolibrary.org/obo/mondo#omim_susceptibility	OMIM:607628
MONDO:0011892	http://purl.obolibrary.org/obo/mondo#omim_susceptibility	OMIM:607682
MONDO:0011896	http://purl.obolibrary.org/obo/mondo#omim_susceptibility	OMIM:607688
MONDO:0011913	http://purl.obolibrary.org/obo/mondo#omim_susceptibility	OMIM:607822
MONDO:0011916	http://purl.obolibrary.org/obo/mondo#omim_susceptibility	OMIM:607831
MONDO:0011918	http://purl.obolibrary.org/obo/mondo#omim_susceptibility	OMIM:607834
MONDO:0011919	http://purl.obolibrary.org/obo/mondo#omim_susceptibility	OMIM:607836
MONDO:0011923	http://purl.obolibrary.org/obo/mondo#omim_susceptibility	OMIM:607850
MONDO:0011953	http://purl.obolibrary.org/obo/mondo#omim_susceptibility	OMIM:608033
MONDO:0011962	http://purl.obolibrary.org/obo/mondo#omim_susceptibility	OMIM:608089
MONDO:0011982	http://purl.obolibrary.org/obo/mondo#omim_susceptibility	OMIM:608175
MONDO:0011986	http://purl.obolibrary.org/obo/mondo#omim_susceptibility	OMIM:608189
MONDO:0012011	http://purl.obolibrary.org/obo/mondo#omim_susceptibility	OMIM:608320
MONDO:0012039	http://purl.obolibrary.org/obo/mondo#omim_susceptibility	OMIM:608446
MONDO:0012057	http://purl.obolibrary.org/obo/mondo#omim_susceptibility	OMIM:608556
MONDO:0012132	http://purl.obolibrary.org/obo/mondo#omim_susceptibility	OMIM:608812
MONDO:0012141	http://purl.obolibrary.org/obo/mondo#omim_susceptibility	OMIM:608864
MONDO:0012148	http://purl.obolibrary.org/obo/mondo#omim_susceptibility	OMIM:608902
MONDO:0012153	http://purl.obolibrary.org/obo/mondo#omim_susceptibility	OMIM:608907
MONDO:0012183	http://purl.obolibrary.org/obo/mondo#omim_susceptibility	OMIM:609048
MONDO:0012202	http://purl.obolibrary.org/obo/mondo#omim_susceptibility	OMIM:609148
MONDO:0012252	http://purl.obolibrary.org/obo/mondo#omim_susceptibility	OMIM:609322
MONDO:0012292	http://purl.obolibrary.org/obo/mondo#omim_susceptibility	OMIM:609532
MONDO:0012339	http://purl.obolibrary.org/obo/mondo#omim_susceptibility	OMIM:609753
MONDO:0012341	http://purl.obolibrary.org/obo/mondo#omim_susceptibility	OMIM:609755
MONDO:0012419	http://purl.obolibrary.org/obo/mondo#omim_susceptibility	OMIM:610149
MONDO:0012454	http://purl.obolibrary.org/obo/mondo#omim_susceptibility	OMIM:610251
MONDO:0012466	http://purl.obolibrary.org/obo/mondo#omim_susceptibility	OMIM:610297
MONDO:0012482	http://purl.obolibrary.org/obo/mondo#omim_susceptibility	OMIM:610379
MONDO:0012488	http://purl.obolibrary.org/obo/mondo#omim_susceptibility	OMIM:610424
MONDO:0012499	http://purl.obolibrary.org/obo/mondo#omim_susceptibility	OMIM:610446
MONDO:0012503	http://purl.obolibrary.org/obo/mondo#omim_susceptibility	OMIM:610460
MONDO:0012511	http://purl.obolibrary.org/obo/mondo#omim_susceptibility	OMIM:610504
MONDO:0012540	http://purl.obolibrary.org/obo/mondo#omim_susceptibility	OMIM:610698
MONDO:0012584	http://purl.obolibrary.org/obo/mondo#omim_susceptibility	OMIM:610927
MONDO:0012585	http://purl.obolibrary.org/obo/mondo#omim_susceptibility	OMIM:610938
MONDO:0012586	http://purl.obolibrary.org/obo/mondo#omim_susceptibility	OMIM:610947
MONDO:0012595	http://purl.obolibrary.org/obo/mondo#omim_susceptibility	OMIM:610988
MONDO:0012597	http://purl.obolibrary.org/obo/mondo#omim_susceptibility	OMIM:610997
MONDO:0012607	http://purl.obolibrary.org/obo/mondo#omim_susceptibility	OMIM:611064
MONDO:0012610	http://purl.obolibrary.org/obo/mondo#omim_susceptibility	OMIM:611081
MONDO:0012627	http://purl.obolibrary.org/obo/mondo#omim_susceptibility	OMIM:611136
MONDO:0012659	http://purl.obolibrary.org/obo/mondo#omim_susceptibility	OMIM:611378
MONDO:0012741	http://purl.obolibrary.org/obo/mondo#omim_susceptibility	OMIM:611868
MONDO:0012758	http://purl.obolibrary.org/obo/mondo#omim_susceptibility	OMIM:611928
MONDO:0012763	http://purl.obolibrary.org/obo/mondo#omim_susceptibility	OMIM:611942
MONDO:0012767	http://purl.obolibrary.org/obo/mondo#omim_susceptibility	OMIM:611953
MONDO:0012771	http://purl.obolibrary.org/obo/mondo#omim_susceptibility	OMIM:611960
MONDO:0012793	http://purl.obolibrary.org/obo/mondo#omim_susceptibility	OMIM:612076
MONDO:0012801	http://purl.obolibrary.org/obo/mondo#omim_susceptibility	OMIM:612100
MONDO:0012820	http://purl.obolibrary.org/obo/mondo#omim_susceptibility	OMIM:612229
MONDO:0012831	http://purl.obolibrary.org/obo/mondo#omim_susceptibility	OMIM:612244
MONDO:0012832	http://purl.obolibrary.org/obo/mondo#omim_susceptibility	OMIM:612245
MONDO:0012834	http://purl.obolibrary.org/obo/mondo#omim_susceptibility	OMIM:612251
MONDO:0012835	http://purl.obolibrary.org/obo/mondo#omim_susceptibility	OMIM:612253
MONDO:0012840	http://purl.obolibrary.org/obo/mondo#omim_susceptibility	OMIM:612261
MONDO:0012843	http://purl.obolibrary.org/obo/mondo#omim_susceptibility	OMIM:612269
MONDO:0012845	http://purl.obolibrary.org/obo/mondo#omim_susceptibility	OMIM:612278
MONDO:0012865	http://purl.obolibrary.org/obo/mondo#omim_susceptibility	OMIM:612318
MONDO:0012881	http://purl.obolibrary.org/obo/mondo#omim_susceptibility	OMIM:612371
MONDO:0012888	http://purl.obolibrary.org/obo/mondo#omim_susceptibility	OMIM:612387
MONDO:0012893	http://purl.obolibrary.org/obo/mondo#omim_susceptibility	OMIM:612400
MONDO:0012921	http://purl.obolibrary.org/obo/mondo#omim_susceptibility	OMIM:612522
MONDO:0012931	http://purl.obolibrary.org/obo/mondo#omim_susceptibility	OMIM:612551
MONDO:0012933	http://purl.obolibrary.org/obo/mondo#omim_susceptibility	OMIM:612555
MONDO:0012953	http://purl.obolibrary.org/obo/mondo#omim_susceptibility	OMIM:612591
MONDO:0012962	http://purl.obolibrary.org/obo/mondo#omim_susceptibility	OMIM:612623
MONDO:0012963	http://purl.obolibrary.org/obo/mondo#omim_susceptibility	OMIM:612624
MONDO:0012966	http://purl.obolibrary.org/obo/mondo#omim_susceptibility	OMIM:612628
MONDO:0012969	http://purl.obolibrary.org/obo/mondo#omim_susceptibility	OMIM:612633
MONDO:0012970	http://purl.obolibrary.org/obo/mondo#omim_susceptibility	OMIM:612634
MONDO:0013000	http://purl.obolibrary.org/obo/mondo#omim_susceptibility	OMIM:612740
MONDO:0013032	http://purl.obolibrary.org/obo/mondo#omim_susceptibility	OMIM:612899
MONDO:0013040	http://purl.obolibrary.org/obo/mondo#omim_susceptibility	OMIM:612922
MONDO:0013041	http://purl.obolibrary.org/obo/mondo#omim_susceptibility	OMIM:612923
MONDO:0013042	http://purl.obolibrary.org/obo/mondo#omim_susceptibility	OMIM:612924
MONDO:0013043	http://purl.obolibrary.org/obo/mondo#omim_susceptibility	OMIM:612925
MONDO:0013044	http://purl.obolibrary.org/obo/mondo#omim_susceptibility	OMIM:612926
MONDO:0013063	http://purl.obolibrary.org/obo/mondo#omim_susceptibility	OMIM:612956
MONDO:0013076	http://purl.obolibrary.org/obo/mondo#omim_susceptibility	OMIM:613003
MONDO:0013083	http://purl.obolibrary.org/obo/mondo#omim_susceptibility	OMIM:613014
MONDO:0013092	http://purl.obolibrary.org/obo/mondo#omim_susceptibility	OMIM:613028
MONDO:0013093	http://purl.obolibrary.org/obo/mondo#omim_susceptibility	OMIM:613029
MONDO:0013096	http://purl.obolibrary.org/obo/mondo#omim_susceptibility	OMIM:613032
MONDO:0013100	http://purl.obolibrary.org/obo/mondo#omim_susceptibility	OMIM:613055
MONDO:0013103	http://purl.obolibrary.org/obo/mondo#omim_susceptibility	OMIM:613060
MONDO:0013133	http://purl.obolibrary.org/obo/mondo#omim_susceptibility	OMIM:613099
MONDO:0013185	http://purl.obolibrary.org/obo/mondo#omim_susceptibility	OMIM:613223
MONDO:0013193	http://purl.obolibrary.org/obo/mondo#omim_susceptibility	OMIM:613239
MONDO:0013199	http://purl.obolibrary.org/obo/mondo#omim_susceptibility	OMIM:613254
MONDO:0013224	http://purl.obolibrary.org/obo/mondo#omim_susceptibility	OMIM:613325
MONDO:0013235	http://purl.obolibrary.org/obo/mondo#omim_susceptibility	OMIM:613347
MONDO:0013236	http://purl.obolibrary.org/obo/mondo#omim_susceptibility	OMIM:613348
MONDO:0013253	http://purl.obolibrary.org/obo/mondo#omim_susceptibility	OMIM:613399
MONDO:0013258	http://purl.obolibrary.org/obo/mondo#omim_susceptibility	OMIM:613410
MONDO:0013265	http://purl.obolibrary.org/obo/mondo#omim_susceptibility	OMIM:613436
MONDO:0013303	http://purl.obolibrary.org/obo/mondo#omim_susceptibility	OMIM:613551
MONDO:0013340	http://purl.obolibrary.org/obo/mondo#omim_susceptibility	OMIM:613643
MONDO:0013344	http://purl.obolibrary.org/obo/mondo#omim_susceptibility	OMIM:613656
MONDO:0013367	http://purl.obolibrary.org/obo/mondo#omim_susceptibility	OMIM:613688
MONDO:0013383	http://purl.obolibrary.org/obo/mondo#omim_susceptibility	OMIM:613711
MONDO:0013384	http://purl.obolibrary.org/obo/mondo#omim_susceptibility	OMIM:613712
MONDO:0013409	http://purl.obolibrary.org/obo/mondo#omim_susceptibility	OMIM:613761
MONDO:0013416	http://purl.obolibrary.org/obo/mondo#omim_susceptibility	OMIM:613778
MONDO:0013420	http://purl.obolibrary.org/obo/mondo#omim_susceptibility	OMIM:613784
MONDO:0013498	http://purl.obolibrary.org/obo/mondo#omim_susceptibility	OMIM:613950
MONDO:0013510	http://purl.obolibrary.org/obo/mondo#omim_susceptibility	OMIM:613972
MONDO:0013554	http://purl.obolibrary.org/obo/mondo#omim_susceptibility	OMIM:614070
MONDO:0013562	http://purl.obolibrary.org/obo/mondo#omim_susceptibility	OMIM:614079
MONDO:0013568	http://purl.obolibrary.org/obo/mondo#omim_susceptibility	OMIM:614090
MONDO:0013625	http://purl.obolibrary.org/obo/mondo#omim_susceptibility	OMIM:614203
MONDO:0013633	http://purl.obolibrary.org/obo/mondo#omim_susceptibility	OMIM:614212
MONDO:0013653	http://purl.obolibrary.org/obo/mondo#omim_susceptibility	OMIM:614251
MONDO:0013664	http://purl.obolibrary.org/obo/mondo#omim_susceptibility	OMIM:614279
MONDO:0013669	http://purl.obolibrary.org/obo/mondo#omim_susceptibility	OMIM:614291
MONDO:0013685	http://purl.obolibrary.org/obo/mondo#omim_susceptibility	OMIM:614320
MONDO:0013696	http://purl.obolibrary.org/obo/mondo#omim_susceptibility	OMIM:614332
MONDO:0013713	http://purl.obolibrary.org/obo/mondo#omim_susceptibility	OMIM:614371
MONDO:0013714	http://purl.obolibrary.org/obo/mondo#omim_susceptibility	OMIM:614372
MONDO:0013723	http://purl.obolibrary.org/obo/mondo#omim_susceptibility	OMIM:614382
MONDO:0013724	http://purl.obolibrary.org/obo/mondo#omim_susceptibility	OMIM:614383
MONDO:0013727	http://purl.obolibrary.org/obo/mondo#omim_susceptibility	OMIM:614389
MONDO:0013728	http://purl.obolibrary.org/obo/mondo#omim_susceptibility	OMIM:614390
MONDO:0013729	http://purl.obolibrary.org/obo/mondo#omim_susceptibility	OMIM:614391
MONDO:0013732	http://purl.obolibrary.org/obo/mondo#omim_susceptibility	OMIM:614400
MONDO:0013733	http://purl.obolibrary.org/obo/mondo#omim_susceptibility	OMIM:614401
MONDO:0013759	http://purl.obolibrary.org/obo/mondo#omim_susceptibility	OMIM:614456
MONDO:0013765	http://purl.obolibrary.org/obo/mondo#omim_susceptibility	OMIM:614466
MONDO:0013799	http://purl.obolibrary.org/obo/mondo#omim_susceptibility	OMIM:614546
MONDO:0013855	http://purl.obolibrary.org/obo/mondo#omim_susceptibility	OMIM:614680
MONDO:0013872	http://purl.obolibrary.org/obo/mondo#omim_susceptibility	OMIM:614731
MONDO:0013876	http://purl.obolibrary.org/obo/mondo#omim_susceptibility	OMIM:614740
MONDO:0013893	http://purl.obolibrary.org/obo/mondo#omim_susceptibility	OMIM:614810
MONDO:0013919	http://purl.obolibrary.org/obo/mondo#omim_susceptibility	OMIM:614847
MONDO:0013921	http://purl.obolibrary.org/obo/mondo#omim_susceptibility	OMIM:614850
MONDO:0013946	http://purl.obolibrary.org/obo/mondo#omim_susceptibility	OMIM:614880
MONDO:0013961	http://purl.obolibrary.org/obo/mondo#omim_susceptibility	OMIM:614897
MONDO:0014005	http://purl.obolibrary.org/obo/mondo#omim_susceptibility	OMIM:615008
MONDO:0014036	http://purl.obolibrary.org/obo/mondo#omim_susceptibility	OMIM:615080
MONDO:0014038	http://purl.obolibrary.org/obo/mondo#omim_susceptibility	OMIM:615083
MONDO:0014041	http://purl.obolibrary.org/obo/mondo#omim_susceptibility	OMIM:615091
MONDO:0014056	http://purl.obolibrary.org/obo/mondo#omim_susceptibility	OMIM:615134
MONDO:0014092	http://purl.obolibrary.org/obo/mondo#omim_susceptibility	OMIM:615232
MONDO:0014151	http://purl.obolibrary.org/obo/mondo#omim_susceptibility	OMIM:615371
MONDO:0014184	http://purl.obolibrary.org/obo/mondo#omim_susceptibility	OMIM:615432
MONDO:0014189	http://purl.obolibrary.org/obo/mondo#omim_susceptibility	OMIM:615439
MONDO:0014207	http://purl.obolibrary.org/obo/mondo#omim_susceptibility	OMIM:615489
MONDO:0014232	http://purl.obolibrary.org/obo/mondo#omim_susceptibility	OMIM:615529
MONDO:0014241	http://purl.obolibrary.org/obo/mondo#omim_susceptibility	OMIM:615545
MONDO:0014251	http://purl.obolibrary.org/obo/mondo#omim_susceptibility	OMIM:615557
MONDO:0014265	http://purl.obolibrary.org/obo/mondo#omim_susceptibility	OMIM:615590
MONDO:0014266	http://purl.obolibrary.org/obo/mondo#omim_susceptibility	OMIM:615591
MONDO:0014299	http://purl.obolibrary.org/obo/mondo#omim_susceptibility	OMIM:615670
MONDO:0014416	http://purl.obolibrary.org/obo/mondo#omim_susceptibility	OMIM:615954
MONDO:0014442	http://purl.obolibrary.org/obo/mondo#omim_susceptibility	OMIM:615991
MONDO:0014488	http://purl.obolibrary.org/obo/mondo#omim_susceptibility	OMIM:616087
MONDO:0014494	http://purl.obolibrary.org/obo/mondo#omim_susceptibility	OMIM:616106
MONDO:0014629	http://purl.obolibrary.org/obo/mondo#omim_susceptibility	OMIM:616414
MONDO:0014639	http://purl.obolibrary.org/obo/mondo#omim_susceptibility	OMIM:616436
MONDO:0014674	http://purl.obolibrary.org/obo/mondo#omim_susceptibility	OMIM:616511
MONDO:0014680	http://purl.obolibrary.org/obo/mondo#omim_susceptibility	OMIM:616532
MONDO:0014681	http://purl.obolibrary.org/obo/mondo#omim_susceptibility	OMIM:616534
MONDO:0014682	http://purl.obolibrary.org/obo/mondo#omim_susceptibility	OMIM:616535
MONDO:0014734	http://purl.obolibrary.org/obo/mondo#omim_susceptibility	OMIM:616685
MONDO:0014779	http://purl.obolibrary.org/obo/mondo#omim_susceptibility	OMIM:616806
MONDO:0014786	http://purl.obolibrary.org/obo/mondo#omim_susceptibility	OMIM:616818
MONDO:0014809	http://purl.obolibrary.org/obo/mondo#omim_susceptibility	OMIM:616871
MONDO:0014826	http://purl.obolibrary.org/obo/mondo#omim_susceptibility	OMIM:616903
MONDO:0014902	http://purl.obolibrary.org/obo/mondo#omim_susceptibility	OMIM:617075
MONDO:0015019	http://purl.obolibrary.org/obo/mondo#omim_susceptibility	OMIM:617321
MONDO:0015270	http://purl.obolibrary.org/obo/mondo#omim_susceptibility	OMIM:617936
MONDO:0015909	http://purl.obolibrary.org/obo/mondo#omim_susceptibility	OMIM:609135
MONDO:0016419	http://purl.obolibrary.org/obo/mondo#omim_susceptibility	OMIM:114480
MONDO:0018229	http://purl.obolibrary.org/obo/mondo#omim_susceptibility	OMIM:608579
MONDO:0018473	http://purl.obolibrary.org/obo/mondo#omim_susceptibility	OMIM:617347
MONDO:0018874	http://purl.obolibrary.org/obo/mondo#omim_susceptibility	OMIM:601626
MONDO:0018881	http://purl.obolibrary.org/obo/mondo#omim_susceptibility	OMIM:614286
MONDO:0019182	http://purl.obolibrary.org/obo/mondo#omim_susceptibility	OMIM:601665
MONDO:0020671	http://purl.obolibrary.org/obo/mondo#omim_susceptibility	OMIM:601367
MONDO:0020705	http://purl.obolibrary.org/obo/mondo#omim_susceptibility	OMIM:182940
MONDO:0020715	http://purl.obolibrary.org/obo/mondo#omim_susceptibility	OMIM:146500
MONDO:0020772	http://purl.obolibrary.org/obo/mondo#omim_susceptibility	OMIM:607631
MONDO:0021001	http://purl.obolibrary.org/obo/mondo#omim_susceptibility	OMIM:235200
MONDO:0021024	http://purl.obolibrary.org/obo/mondo#omim_susceptibility	OMIM:611162
MONDO:0021571	http://purl.obolibrary.org/obo/mondo#omim_susceptibility	OMIM:126200
MONDO:0024498	http://purl.obolibrary.org/obo/mondo#omim_susceptibility	OMIM:137800
MONDO:0024517	http://purl.obolibrary.org/obo/mondo#omim_susceptibility	OMIM:162091
MONDO:0024563	http://purl.obolibrary.org/obo/mondo#omim_susceptibility	OMIM:610551
MONDO:0026768	http://purl.obolibrary.org/obo/mondo#omim_susceptibility	OMIM:301052
MONDO:0030004	http://purl.obolibrary.org/obo/mondo#omim_susceptibility	OMIM:618830
MONDO:0030313	http://purl.obolibrary.org/obo/mondo#omim_susceptibility	OMIM:619396
MONDO:0030334	http://purl.obolibrary.org/obo/mondo#omim_susceptibility	OMIM:619441
MONDO:0030434	http://purl.obolibrary.org/obo/mondo#omim_susceptibility	OMIM:619521
MONDO:0031030	http://purl.obolibrary.org/obo/mondo#omim_susceptibility	OMIM:619986
MONDO:0032614	http://purl.obolibrary.org/obo/mondo#omim_susceptibility	OMIM:618231
MONDO:0032644	http://purl.obolibrary.org/obo/mondo#omim_susceptibility	OMIM:618267
MONDO:0032699	http://purl.obolibrary.org/obo/mondo#omim_susceptibility	OMIM:618357
MONDO:0032742	http://purl.obolibrary.org/obo/mondo#omim_susceptibility	OMIM:618426
MONDO:0032809	http://purl.obolibrary.org/obo/mondo#omim_susceptibility	OMIM:618549
MONDO:0032827	http://purl.obolibrary.org/obo/mondo#omim_susceptibility	OMIM:618596
MONDO:0032867	http://purl.obolibrary.org/obo/mondo#omim_susceptibility	OMIM:618680
MONDO:0033312	http://purl.obolibrary.org/obo/mondo#omim_susceptibility	OMIM:617629
MONDO:0044259	http://purl.obolibrary.org/obo/mondo#omim_susceptibility	OMIM:266300
MONDO:0044272	http://purl.obolibrary.org/obo/mondo#omim_susceptibility	OMIM:602025
MONDO:0044273	http://purl.obolibrary.org/obo/mondo#omim_susceptibility	OMIM:608622
MONDO:0044277	http://purl.obolibrary.org/obo/mondo#omim_susceptibility	OMIM:612671
MONDO:0044283	http://purl.obolibrary.org/obo/mondo#omim_susceptibility	OMIM:615457
MONDO:0044301	http://purl.obolibrary.org/obo/mondo#omim_susceptibility	OMIM:617349
MONDO:0044315	http://purl.obolibrary.org/obo/mondo#omim_susceptibility	OMIM:617439
MONDO:0054601	http://purl.obolibrary.org/obo/mondo#omim_susceptibility	OMIM:617540
MONDO:0054749	http://purl.obolibrary.org/obo/mondo#omim_susceptibility	OMIM:617885
MONDO:0054750	http://purl.obolibrary.org/obo/mondo#omim_susceptibility	OMIM:617892
MONDO:0054754	http://purl.obolibrary.org/obo/mondo#omim_susceptibility	OMIM:617900
MONDO:0054849	http://purl.obolibrary.org/obo/mondo#omim_susceptibility	OMIM:618077
MONDO:0060670	http://purl.obolibrary.org/obo/mondo#omim_susceptibility	OMIM:617921
MONDO:0060671	http://purl.obolibrary.org/obo/mondo#omim_susceptibility	OMIM:617924
MONDO:0100003	http://purl.obolibrary.org/obo/mondo#omim_susceptibility	OMIM:300909
MONDO:0100045	http://purl.obolibrary.org/obo/mondo#omim_susceptibility	OMIM:226400
MONDO:0100046	http://purl.obolibrary.org/obo/mondo#omim_susceptibility	OMIM:177650
MONDO:0100048	http://purl.obolibrary.org/obo/mondo#omim_susceptibility	OMIM:614395
MONDO:0100177	http://purl.obolibrary.org/obo/mondo#omim_susceptibility	OMIM:607154
MONDO:0100180	http://purl.obolibrary.org/obo/mondo#omim_susceptibility	OMIM:612227
MONDO:0100183	http://purl.obolibrary.org/obo/mondo#omim_susceptibility	OMIM:179300
MONDO:0100232	http://purl.obolibrary.org/obo/mondo#omim_susceptibility	OMIM:607507
MONDO:0100316	http://purl.obolibrary.org/obo/mondo#omim_susceptibility	OMIM:192500
MONDO:0100460	http://purl.obolibrary.org/obo/mondo#omim_susceptibility	OMIM:188890
MONDO:0100467	http://purl.obolibrary.org/obo/mondo#omim_susceptibility	OMIM:189800
MONDO:0100476	http://purl.obolibrary.org/obo/mondo#omim_susceptibility	OMIM:608709
MONDO:0100518	http://purl.obolibrary.org/obo/mondo#omim_susceptibility	OMIM:143465
MONDO:0100519	http://purl.obolibrary.org/obo/mondo#omim_susceptibility	OMIM:602477
MONDO:0100532	http://purl.obolibrary.org/obo/mondo#omim_susceptibility	OMIM:606798
MONDO:0100533	http://purl.obolibrary.org/obo/mondo#omim_susceptibility	OMIM:614519
MONDO:0700041	http://purl.obolibrary.org/obo/mondo#omim_susceptibility	OMIM:613013
MONDO:0700275	http://purl.obolibrary.org/obo/mondo#omim_susceptibility	OMIM:176807
MONDO:0700299	http://purl.obolibrary.org/obo/mondo#omim_susceptibility	OMIM:620990
MONDO:0800001	http://purl.obolibrary.org/obo/mondo#omim_susceptibility	OMIM:614163
MONDO:0800029	http://purl.obolibrary.org/obo/mondo#omim_susceptibility	OMIM:178500
MONDO:0800187	http://purl.obolibrary.org/obo/mondo#omim_susceptibility	OMIM:613002
MONDO:0800447	http://purl.obolibrary.org/obo/mondo#omim_susceptibility	OMIM:614009
MONDO:0859172	http://purl.obolibrary.org/obo/mondo#omim_susceptibility	OMIM:619462
MONDO:0859183	http://purl.obolibrary.org/obo/mondo#omim_susceptibility	OMIM:619491
MONDO:0859316	http://purl.obolibrary.org/obo/mondo#omim_susceptibility	OMIM:620121
MONDO:0859371	http://purl.obolibrary.org/obo/mondo#omim_susceptibility	OMIM:620235
MONDO:0859376	http://purl.obolibrary.org/obo/mondo#omim_susceptibility	OMIM:620241
MONDO:0957530	http://purl.obolibrary.org/obo/mondo#omim_susceptibility	OMIM:620442
MONDO:0957561	http://purl.obolibrary.org/obo/mondo#omim_susceptibility	OMIM:620461
MONDO:0958238	http://purl.obolibrary.org/obo/mondo#omim_susceptibility	OMIM:620730
MONDO:0970943	http://purl.obolibrary.org/obo/mondo#omim_susceptibility	OMIM:301119
MONDO:0971170	http://purl.obolibrary.org/obo/mondo#omim_susceptibility	OMIM:301120
MONDO:0975748	http://purl.obolibrary.org/obo/mondo#omim_susceptibility	OMIM:620923
MONDO:0976128	http://purl.obolibrary.org/obo/mondo#omim_susceptibility	OMIM:621064
MONDO:0976267	http://purl.obolibrary.org/obo/mondo#omim_susceptibility	OMIM:621164
MONDO:1010151	http://purl.obolibrary.org/obo/mondo#omim_susceptibility	OMIM:611465
