term_id	exclusion_reason
ID	AI MONDOREL:has_exclusion_reason
DOID:0040001	
DOID:0040002	
DOID:0040003	
DOID:0040004	
DOID:0040005	
DOID:0040006	
DOID:0040007	
DOID:0040008	
DOID:0040009	
DOID:0040010	
DOID:0040011	
DOID:0040012	
DOID:0040013	
DOID:0040014	
DOID:0040015	
DOID:0040016	
DOID:0040017	
DOID:0040018	
DOID:0040019	
DOID:0040020	
DOID:0040021	
DOID:0040022	
DOID:0040023	
DOID:0040024	
DOID:0040025	
DOID:0040026	
DOID:0040027	
DOID:0040028	
DOID:0040029	
DOID:0040030	
DOID:0040031	
DOID:0040032	
DOID:0040033	
DOID:0040034	
DOID:0040035	
DOID:0040036	
DOID:0040037	
DOID:0040038	
DOID:0040040	
DOID:0040041	
DOID:0040042	
DOID:0040043	
DOID:0040044	
DOID:0040045	
DOID:0040046	
DOID:0040047	
DOID:0040048	
DOID:0040049	
DOID:0040050	
DOID:0040051	
DOID:0040052	
DOID:0040053	
DOID:0040054	
DOID:0040055	
DOID:0040056	
DOID:0040057	
DOID:0040058	
DOID:0040059	
DOID:0040061	
DOID:0040062	
DOID:0040063	
DOID:0040064	
DOID:0040065	
DOID:0040066	
DOID:0040067	
DOID:0040068	
DOID:0040069	
DOID:0040070	
DOID:0040071	
DOID:0040072	
DOID:0040073	
DOID:0040074	
DOID:0040075	
DOID:0040076	
DOID:0040077	
DOID:0040078	
DOID:0040079	
DOID:0040080	
DOID:0040081	
DOID:0040082	
DOID:0040101	
DOID:0040102	
DOID:0040103	
DOID:0040104	
DOID:0060057	
DOID:0060492	
DOID:0060495	
DOID:0060496	
DOID:0060497	
DOID:0060498	
DOID:0060500	
DOID:0060501	
DOID:0060502	
DOID:0060503	
DOID:0060504	
DOID:0060505	
DOID:0060506	
DOID:0060507	
DOID:0060508	
DOID:0060509	
DOID:0060510	
DOID:0060511	
DOID:0060512	
DOID:0060513	
DOID:0060514	
DOID:0060515	
DOID:0060516	
DOID:0060517	
DOID:0060518	
DOID:0060519	
DOID:0060520	
DOID:0060521	
DOID:0060522	
DOID:0060523	
DOID:0060524	
DOID:0060525	
DOID:0060526	
DOID:0060527	
DOID:0060528	
DOID:0060529	
DOID:0060530	
DOID:0060531	
DOID:0060532	
DOID:0060904	
DOID:0070334	
DOID:0070335	
DOID:3042	
DOID:3044	
DOID:3660	
DOID:4376	
DOID:4377	
DOID:4378	
DOID:4379	
DOID:0050001	MONDO:excludeNonDisease
DOID:0050002	MONDO:excludeNonDisease
DOID:0050003	MONDO:excludeNonDisease
DOID:0050007	MONDO:excludeNonDisease
DOID:0050009	MONDO:excludeNonDisease
DOID:0050010	MONDO:excludeNonDisease
DOID:0050011	MONDO:excludeNonDisease
DOID:0050013	MONDO:excludeNonDisease
DOID:0050014	MONDO:excludeNonDisease
DOID:0050015	MONDO:excludeNonDisease
DOID:0050024	MONDO:excludeNonDisease
DOID:0050053	MONDO:excludeNonDisease
DOID:0050063	MONDO:excludeNonDisease
DOID:0050065	MONDO:excludeNonDisease
DOID:0050066	MONDO:excludeNonDisease
DOID:0050067	MONDO:excludeNonDisease
DOID:0050068	MONDO:excludeNonDisease
DOID:0050069	MONDO:excludeNonDisease
DOID:0050070	MONDO:excludeNonDisease
DOID:0050074	MONDO:excludeNonDisease
DOID:0050075	MONDO:excludeNonDisease
DOID:0050078	MONDO:excludeNonDisease
DOID:0050079	MONDO:excludeNonDisease
DOID:0050080	MONDO:excludeNonDisease
DOID:0050082	MONDO:excludeNonDisease
DOID:0050084	MONDO:excludeNonDisease
DOID:0050085	MONDO:excludeNonDisease
DOID:0050086	MONDO:excludeNonDisease
DOID:0050088	MONDO:excludeNonDisease
DOID:0050089	MONDO:excludeNonDisease
DOID:0050090	MONDO:excludeNonDisease
DOID:0050091	MONDO:excludeNonDisease
DOID:0050092	MONDO:excludeNonDisease
DOID:0050093	MONDO:excludeNonDisease
DOID:0050094	MONDO:excludeNonDisease
DOID:0050095	MONDO:excludeNonDisease
DOID:0050098	MONDO:excludeNonDisease
DOID:0050099	MONDO:excludeNonDisease
DOID:0050100	MONDO:excludeNonDisease
DOID:0050101	MONDO:excludeNonDisease
DOID:0050102	MONDO:excludeNonDisease
DOID:0050103	MONDO:excludeNonDisease
DOID:0050104	MONDO:excludeNonDisease
DOID:0050106	MONDO:excludeNonDisease
DOID:0050107	MONDO:excludeNonDisease
DOID:0050108	MONDO:excludeNonDisease
DOID:0050110	MONDO:excludeNonDisease
DOID:0050111	MONDO:excludeNonDisease
DOID:0050112	MONDO:excludeNonDisease
DOID:0050113	MONDO:excludeNonDisease
DOID:0050115	MONDO:excludeNonDisease
DOID:0050119	MONDO:excludeNonDisease
DOID:0050123	MONDO:excludeNonDisease
DOID:0050126	MONDO:excludeNonDisease
DOID:0050139	MONDO:excludeNonDisease
DOID:0050151	MONDO:excludeNonDisease
DOID:0050154	MONDO:excludeNonDisease
DOID:0050162	MONDO:excludeNonDisease
DOID:0050163	MONDO:excludeNonDisease
DOID:0050164	MONDO:excludeNonDisease
DOID:0050165	MONDO:excludeNonDisease
DOID:0050170	MONDO:excludeNonDisease
DOID:0050171	MONDO:excludeNonDisease
DOID:0050172	MONDO:excludeNonDisease
DOID:0050173	MONDO:excludeNonDisease
DOID:0050178	MONDO:excludeNonDisease
DOID:0050180	MONDO:excludeNonDisease
DOID:0050181	MONDO:excludeNonDisease
DOID:0050182	MONDO:excludeNonDisease
DOID:0050183	MONDO:excludeNonDisease
DOID:0050184	MONDO:excludeNonDisease
DOID:0050186	MONDO:excludeNonDisease
DOID:0050187	MONDO:excludeNonDisease
DOID:0050188	MONDO:excludeNonDisease
DOID:0050189	MONDO:excludeNonDisease
DOID:0050190	MONDO:excludeNonDisease
DOID:0050191	MONDO:excludeNonDisease
DOID:0050193	MONDO:excludeNonDisease
DOID:0050203	MONDO:excludeNonDisease
DOID:0050205	MONDO:excludeNonDisease
DOID:0050206	MONDO:excludeNonDisease
DOID:0050207	MONDO:excludeNonDisease
DOID:0050208	MONDO:excludeNonDisease
DOID:0050209	MONDO:excludeNonDisease
DOID:0050210	MONDO:excludeNonDisease
DOID:0050212	MONDO:excludeNonDisease
DOID:0050213	MONDO:excludeNonDisease
DOID:0050215	MONDO:excludeNonDisease
DOID:0050216	MONDO:excludeNonDisease
DOID:0050217	MONDO:excludeNonDisease
DOID:0050219	MONDO:excludeNonDisease
DOID:0050220	MONDO:excludeNonDisease
DOID:0050221	MONDO:excludeNonDisease
DOID:0050223	MONDO:excludeNonDisease
DOID:0050224	MONDO:excludeNonDisease
DOID:0050225	MONDO:excludeNonDisease
DOID:0050226	MONDO:excludeNonDisease
DOID:0050227	MONDO:excludeNonDisease
DOID:0050228	MONDO:excludeNonDisease
DOID:0050229	MONDO:excludeNonDisease
DOID:0050230	MONDO:excludeNonDisease
DOID:0050231	MONDO:excludeNonDisease
DOID:0050232	MONDO:excludeNonDisease
DOID:0050233	MONDO:excludeNonDisease
DOID:0050234	MONDO:excludeNonDisease
DOID:0050235	MONDO:excludeNonDisease
DOID:0050236	MONDO:excludeNonDisease
DOID:0050237	MONDO:excludeNonDisease
DOID:0050238	MONDO:excludeNonDisease
DOID:0050239	MONDO:excludeNonDisease
DOID:0050240	MONDO:excludeNonDisease
DOID:0050241	MONDO:excludeNonDisease
DOID:0050243	MONDO:excludeNonDisease
DOID:0050244	MONDO:excludeNonDisease
DOID:0050245	MONDO:excludeNonDisease
DOID:0050247	MONDO:excludeNonDisease
DOID:0050249	MONDO:excludeNonDisease
DOID:0050252	MONDO:excludeNonDisease
DOID:0050255	MONDO:excludeNonDisease
DOID:0050257	MONDO:excludeNonDisease
DOID:0050258	MONDO:excludeNonDisease
DOID:0050262	MONDO:excludeNonDisease
DOID:0050263	MONDO:excludeNonDisease
DOID:0050264	MONDO:excludeNonDisease
DOID:0050265	MONDO:excludeNonDisease
DOID:0050267	MONDO:excludeNonDisease
DOID:0050271	MONDO:excludeNonDisease
DOID:0050272	MONDO:excludeNonDisease
DOID:0050273	MONDO:excludeNonDisease
DOID:0050274	MONDO:excludeNonDisease
DOID:0050275	MONDO:excludeNonDisease
DOID:0050276	MONDO:excludeNonDisease
DOID:0050277	MONDO:excludeNonDisease
DOID:0050280	MONDO:excludeNonDisease
DOID:0050281	MONDO:excludeNonDisease
DOID:0050282	MONDO:excludeNonDisease
DOID:0050283	MONDO:excludeNonDisease
DOID:0050284	MONDO:excludeNonDisease
DOID:0050285	MONDO:excludeNonDisease
DOID:0050286	MONDO:excludeNonDisease
DOID:0050287	MONDO:excludeNonDisease
DOID:0050293	MONDO:excludeNonDisease
DOID:0050294	MONDO:excludeNonDisease
DOID:0050295	MONDO:excludeNonDisease
DOID:0050296	MONDO:excludeNonDisease
DOID:0050297	MONDO:excludeNonDisease
DOID:0050298	MONDO:excludeNonDisease
DOID:0050299	MONDO:excludeNonDisease
DOID:0050300	MONDO:excludeNonDisease
DOID:0050301	MONDO:excludeNonDisease
DOID:0050302	MONDO:excludeNonDisease
DOID:0050303	MONDO:excludeNonDisease
DOID:0050305	MONDO:excludeNonDisease
DOID:0050306	MONDO:excludeNonDisease
DOID:0050307	MONDO:excludeNonDisease
DOID:0050309	MONDO:excludeNonDisease
DOID:0050310	MONDO:excludeNonDisease
DOID:0050311	MONDO:excludeNonDisease
DOID:0050312	MONDO:excludeNonDisease
DOID:0050313	MONDO:excludeNonDisease
DOID:0050314	MONDO:excludeNonDisease
DOID:0050315	MONDO:excludeNonDisease
DOID:0050316	MONDO:excludeNonDisease
DOID:0050317	MONDO:excludeNonDisease
DOID:0050318	MONDO:excludeNonDisease
DOID:0050319	MONDO:excludeNonDisease
DOID:0050320	MONDO:excludeNonDisease
DOID:0050321	MONDO:excludeNonDisease
DOID:0050322	MONDO:excludeNonDisease
DOID:0050323	MONDO:excludeNonDisease
DOID:0050324	MONDO:excludeNonDisease
DOID:0050325	MONDO:excludeNonDisease
DOID:0050327	MONDO:excludeNonDisease
DOID:0050329	MONDO:excludeNonDisease
DOID:0050333	MONDO:excludeNonDisease
DOID:0050334	MONDO:excludeNonDisease
DOID:0050337	MONDO:excludeNonDisease
DOID:0050341	MONDO:excludeNonDisease
DOID:0050342	MONDO:excludeNonDisease
DOID:0050343	MONDO:excludeNonDisease
DOID:0050344	MONDO:excludeNonDisease
DOID:0050345	MONDO:excludeNonDisease
DOID:0050346	MONDO:excludeNonDisease
DOID:0050347	MONDO:excludeNonDisease
DOID:0050348	MONDO:excludeNonDisease
DOID:0050349	MONDO:excludeNonDisease
DOID:0050350	MONDO:excludeNonDisease
DOID:0050351	MONDO:excludeNonDisease
DOID:0050355	MONDO:excludeNonDisease
DOID:0050357	MONDO:excludeNonDisease
DOID:0050358	MONDO:excludeNonDisease
DOID:0050359	MONDO:excludeNonDisease
DOID:0050360	MONDO:excludeNonDisease
DOID:0050361	MONDO:excludeNonDisease
DOID:0050362	MONDO:excludeNonDisease
DOID:0050363	MONDO:excludeNonDisease
DOID:0050364	MONDO:excludeNonDisease
DOID:0050365	MONDO:excludeNonDisease
DOID:0050366	MONDO:excludeNonDisease
DOID:0050367	MONDO:excludeNonDisease
DOID:0050368	MONDO:excludeNonDisease
DOID:0050369	MONDO:excludeNonDisease
DOID:0050370	MONDO:excludeNonDisease
DOID:0050371	MONDO:excludeNonDisease
DOID:0050372	MONDO:excludeNonDisease
DOID:0050373	MONDO:excludeNonDisease
DOID:0050374	MONDO:excludeNonDisease
DOID:0050375	MONDO:excludeNonDisease
DOID:0050376	MONDO:excludeNonDisease
DOID:0050377	MONDO:excludeNonDisease
DOID:0050378	MONDO:excludeNonDisease
DOID:0050379	MONDO:excludeNonDisease
DOID:0050380	MONDO:excludeNonDisease
DOID:0050381	MONDO:excludeNonDisease
DOID:0050384	MONDO:excludeNonDisease
DOID:0050385	MONDO:excludeNonDisease
DOID:0050386	MONDO:excludeNonDisease
DOID:0050388	MONDO:excludeNonDisease
DOID:0050389	MONDO:excludeNonDisease
DOID:0050390	MONDO:excludeNonDisease
DOID:0050391	MONDO:excludeNonDisease
DOID:0050392	MONDO:excludeNonDisease
DOID:0050393	MONDO:excludeNonDisease
DOID:0050394	MONDO:excludeNonDisease
DOID:0050395	MONDO:excludeNonDisease
DOID:0050396	MONDO:excludeNonDisease
DOID:0050397	MONDO:excludeNonDisease
DOID:0050399	MONDO:excludeNonDisease
DOID:0050400	MONDO:excludeNonDisease
DOID:0050401	MONDO:excludeNonDisease
DOID:0050402	MONDO:excludeNonDisease
DOID:0050403	MONDO:excludeNonDisease
DOID:0050404	MONDO:excludeNonDisease
DOID:0050405	MONDO:excludeNonDisease
DOID:0050406	MONDO:excludeNonDisease
DOID:0050407	MONDO:excludeNonDisease
DOID:0050408	MONDO:excludeNonDisease
DOID:0050409	MONDO:excludeNonDisease
DOID:0050410	MONDO:excludeNonDisease
DOID:0050411	MONDO:excludeNonDisease
DOID:0050412	MONDO:excludeNonDisease
DOID:0050413	MONDO:excludeNonDisease
DOID:0050414	MONDO:excludeNonDisease
DOID:0050415	MONDO:excludeNonDisease
DOID:0050416	MONDO:excludeNonDisease
DOID:0050417	MONDO:excludeNonDisease
DOID:0050418	MONDO:excludeNonDisease
DOID:0050420	MONDO:excludeNonDisease
DOID:0050421	MONDO:excludeNonDisease
DOID:0050422	MONDO:excludeNonDisease
DOID:0050423	MONDO:excludeNonDisease
DOID:0050455	MONDO:excludeNonDisease
DOID:0050478	MONDO:excludeNonDisease
DOID:0050479	MONDO:excludeNonDisease
DOID:0050482	MONDO:excludeNonDisease
DOID:0050483	MONDO:excludeNonDisease
DOID:0050492	MONDO:excludeNonDisease
DOID:0050493	MONDO:excludeNonDisease
DOID:0050494	MONDO:excludeNonDisease
DOID:0050496	MONDO:excludeNonDisease
DOID:0050497	MONDO:excludeNonDisease
DOID:0050498	MONDO:excludeNonDisease
DOID:0050499	MONDO:excludeNonDisease
DOID:0050500	MONDO:excludeNonDisease
DOID:0050501	MONDO:excludeNonDisease
DOID:0050502	MONDO:excludeNonDisease
DOID:0050503	MONDO:excludeNonDisease
DOID:0050504	MONDO:excludeNonDisease
DOID:0050505	MONDO:excludeNonDisease
DOID:0050506	MONDO:excludeNonDisease
DOID:0050507	MONDO:excludeNonDisease
DOID:0050509	MONDO:excludeNonDisease
DOID:0050510	MONDO:excludeNonDisease
DOID:0050511	MONDO:excludeNonDisease
DOID:0050512	MONDO:excludeNonDisease
DOID:0050519	MONDO:excludeNonDisease
DOID:0050520	MONDO:excludeNonDisease
DOID:0050525	MONDO:excludeNonDisease
DOID:0050527	MONDO:excludeNonDisease
DOID:0050531	MONDO:excludeNonDisease
DOID:0050532	MONDO:excludeNonDisease
DOID:0050533	MONDO:excludeNonDisease
DOID:0050536	MONDO:excludeNonDisease
DOID:0050550	MONDO:excludeNonDisease
DOID:0050551	MONDO:excludeNonDisease
DOID:0050556	MONDO:excludeNonDisease
DOID:0050583	MONDO:excludeNonDisease
DOID:0050616	MONDO:excludeNonDisease
DOID:0050617	MONDO:excludeNonDisease
DOID:0050618	MONDO:excludeNonDisease
DOID:0050643	MONDO:excludeNonDisease
DOID:0050652	MONDO:excludeNonDisease
DOID:0050653	MONDO:excludeNonDisease
DOID:0050707	MONDO:excludeNonDisease
DOID:0050747	MONDO:excludeNonDisease
DOID:0050756	MONDO:excludeNonDisease
DOID:0050761	MONDO:excludeNonDisease
DOID:0050780	MONDO:excludeNonDisease
DOID:0050815	MONDO:excludeNonDisease
DOID:0050819	MONDO:excludeNonDisease
DOID:0050867	MONDO:excludeNonDisease
DOID:0050875	MONDO:excludeNonDisease
DOID:0050878	MONDO:excludeNonDisease
DOID:0050966	MONDO:excludeNonDisease
DOID:0060006	MONDO:excludeNonDisease
DOID:0060035	MONDO:excludeNonDisease
DOID:0060052	MONDO:excludeNonDisease
DOID:0060053	MONDO:excludeNonDisease
DOID:0060064	MONDO:excludeNonDisease
DOID:0060069	MONDO:excludeNonDisease
DOID:0060101	MONDO:excludeNonDisease
DOID:0060120	MONDO:excludeNonDisease
DOID:0060171	MONDO:excludeNonDisease
DOID:0060208	MONDO:excludeNonDisease
DOID:0060561	MONDO:excludeNonDisease
DOID:0060600	MONDO:excludeNonDisease
DOID:0060605	MONDO:excludeNonDisease
DOID:0060771	MONDO:excludeNonDisease
DOID:0060829	MONDO:excludeNonDisease
DOID:0070001	MONDO:excludeNonDisease
DOID:0070075	MONDO:excludeNonDisease
DOID:0070076	MONDO:excludeNonDisease
DOID:0070101	MONDO:excludeNonDisease
DOID:0070102	MONDO:excludeNonDisease
DOID:0070103	MONDO:excludeNonDisease
DOID:0070104	MONDO:excludeNonDisease
DOID:0070105	MONDO:excludeNonDisease
DOID:0070106	MONDO:excludeNonDisease
DOID:0070107	MONDO:excludeNonDisease
DOID:0070108	MONDO:excludeNonDisease
DOID:0070109	MONDO:excludeNonDisease
DOID:0070110	MONDO:excludeNonDisease
DOID:0070175	MONDO:excludeNonDisease
DOID:0070190	MONDO:excludeNonDisease
DOID:0070312	MONDO:excludeNonDisease
DOID:0080013	MONDO:excludeNonDisease
DOID:0080017	MONDO:excludeNonDisease
DOID:0080022	MONDO:excludeNonDisease
DOID:0080023	MONDO:excludeNonDisease
DOID:0080024	MONDO:excludeNonDisease
DOID:0080034	MONDO:excludeNonDisease
DOID:0080048	MONDO:excludeNonDisease
DOID:0080088	MONDO:excludeNonDisease
DOID:0080220	MONDO:excludeNonDisease
DOID:0080221	MONDO:excludeNonDisease
DOID:0080229	MONDO:excludeNonDisease
DOID:0080340	MONDO:excludeNonDisease
DOID:0080341	MONDO:excludeNonDisease
DOID:0080378	MONDO:excludeNonDisease
DOID:0080423	MONDO:excludeNonDisease
DOID:0080466	MONDO:excludeNonDisease
DOID:0080469	MONDO:excludeNonDisease
DOID:0080713	MONDO:excludeNonDisease
DOID:0080783	MONDO:excludeNonDisease
DOID:0081062	MONDO:excludeNonDisease
DOID:0090121	MONDO:excludeNonDisease
DOID:0110172	MONDO:excludeNonDisease
DOID:0110286	MONDO:excludeNonDisease
DOID:0110300	MONDO:excludeNonDisease
DOID:0110301	MONDO:excludeNonDisease
DOID:0110302	MONDO:excludeNonDisease
DOID:0110325	MONDO:excludeNonDisease
DOID:0110466	MONDO:excludeNonDisease
DOID:0110631	MONDO:excludeNonDisease
DOID:0110649	MONDO:excludeNonDisease
DOID:0110748	MONDO:excludeNonDisease
DOID:0110762	MONDO:excludeNonDisease
DOID:0111372	MONDO:excludeNonDisease
DOID:0111794	MONDO:excludeNonDisease
DOID:0111810	MONDO:excludeNonDisease
DOID:10000	MONDO:excludeNonDisease
DOID:10007	MONDO:excludeNonDisease
DOID:1001	MONDO:excludeNonDisease
DOID:10012	MONDO:excludeNonDisease
DOID:10013	MONDO:excludeNonDisease
DOID:10015	MONDO:excludeNonDisease
DOID:10018	MONDO:excludeNonDisease
DOID:10038	MONDO:excludeNonDisease
DOID:10042	MONDO:excludeNonDisease
DOID:10045	MONDO:excludeNonDisease
DOID:10048	MONDO:excludeNonDisease
DOID:10049	MONDO:excludeNonDisease
DOID:10053	MONDO:excludeNonDisease
DOID:10059	MONDO:excludeNonDisease
DOID:10066	MONDO:excludeNonDisease
DOID:10111	MONDO:excludeNonDisease
DOID:10114	MONDO:excludeNonDisease
DOID:10116	MONDO:excludeNonDisease
DOID:10120	MONDO:excludeNonDisease
DOID:10121	MONDO:excludeNonDisease
DOID:10141	MONDO:excludeNonDisease
DOID:10142	MONDO:excludeNonDisease
DOID:10144	MONDO:excludeNonDisease
DOID:10145	MONDO:excludeNonDisease
DOID:10150	MONDO:excludeNonDisease
DOID:1016	MONDO:excludeNonDisease
DOID:10173	MONDO:excludeNonDisease
DOID:10182	MONDO:excludeNonDisease
DOID:10191	MONDO:excludeNonDisease
DOID:10202	MONDO:excludeNonDisease
DOID:10204	MONDO:excludeNonDisease
DOID:10210	MONDO:excludeNonDisease
DOID:10220	MONDO:excludeNonDisease
DOID:10222	MONDO:excludeNonDisease
DOID:10226	MONDO:excludeNonDisease
DOID:10229	MONDO:excludeNonDisease
DOID:10233	MONDO:excludeNonDisease
DOID:10237	MONDO:excludeNonDisease
DOID:10238	MONDO:excludeNonDisease
DOID:10239	MONDO:excludeNonDisease
DOID:10240	MONDO:excludeNonDisease
DOID:10245	MONDO:excludeNonDisease
DOID:10255	MONDO:excludeNonDisease
DOID:10256	MONDO:excludeNonDisease
DOID:10257	MONDO:excludeNonDisease
DOID:10263	MONDO:excludeNonDisease
DOID:10265	MONDO:excludeNonDisease
DOID:10274	MONDO:excludeNonDisease
DOID:10277	MONDO:excludeNonDisease
DOID:10278	MONDO:excludeNonDisease
DOID:10279	MONDO:excludeNonDisease
DOID:10280	MONDO:excludeNonDisease
DOID:10288	MONDO:excludeNonDisease
DOID:10294	MONDO:excludeNonDisease
DOID:10295	MONDO:excludeNonDisease
DOID:10296	MONDO:excludeNonDisease
DOID:10304	MONDO:excludeNonDisease
DOID:10305	MONDO:excludeNonDisease
DOID:10307	MONDO:excludeNonDisease
DOID:10309	MONDO:excludeNonDisease
DOID:10311	MONDO:excludeNonDisease
DOID:10312	MONDO:excludeNonDisease
DOID:10332	MONDO:excludeNonDisease
DOID:10334	MONDO:excludeNonDisease
DOID:10338	MONDO:excludeNonDisease
DOID:10339	MONDO:excludeNonDisease
DOID:10340	MONDO:excludeNonDisease
DOID:10342	MONDO:excludeNonDisease
DOID:10343	MONDO:excludeNonDisease
DOID:10351	MONDO:excludeNonDisease
DOID:10367	MONDO:excludeNonDisease
DOID:1038	MONDO:excludeNonDisease
DOID:10380	MONDO:excludeNonDisease
DOID:10381	MONDO:excludeNonDisease
DOID:10384	MONDO:excludeNonDisease
DOID:1042	MONDO:excludeNonDisease
DOID:10437	MONDO:excludeNonDisease
DOID:1044	MONDO:excludeNonDisease
DOID:10447	MONDO:excludeNonDisease
DOID:1045	MONDO:excludeNonDisease
DOID:10469	MONDO:excludeNonDisease
DOID:1047	MONDO:excludeNonDisease
DOID:10472	MONDO:excludeNonDisease
DOID:10473	MONDO:excludeNonDisease
DOID:10483	MONDO:excludeNonDisease
DOID:10489	MONDO:excludeNonDisease
DOID:10494	MONDO:excludeNonDisease
DOID:10501	MONDO:excludeNonDisease
DOID:10505	MONDO:excludeNonDisease
DOID:10508	MONDO:excludeNonDisease
DOID:10510	MONDO:excludeNonDisease
DOID:10521	MONDO:excludeNonDisease
DOID:10527	MONDO:excludeNonDisease
DOID:10528	MONDO:excludeNonDisease
DOID:10529	MONDO:excludeNonDisease
DOID:1053	MONDO:excludeNonDisease
DOID:10531	MONDO:excludeNonDisease
DOID:10532	MONDO:excludeNonDisease
DOID:10535	MONDO:excludeNonDisease
DOID:10537	MONDO:excludeNonDisease
DOID:1054	MONDO:excludeNonDisease
DOID:10545	MONDO:excludeNonDisease
DOID:10549	MONDO:excludeNonDisease
DOID:1055	MONDO:excludeNonDisease
DOID:10551	MONDO:excludeNonDisease
DOID:10557	MONDO:excludeNonDisease
DOID:10561	MONDO:excludeNonDisease
DOID:10564	MONDO:excludeNonDisease
DOID:10569	MONDO:excludeNonDisease
DOID:1057	MONDO:excludeNonDisease
DOID:10574	MONDO:excludeNonDisease
DOID:1058	MONDO:excludeNonDisease
DOID:10585	MONDO:excludeNonDisease
DOID:10594	MONDO:excludeNonDisease
DOID:10597	MONDO:excludeNonDisease
DOID:10602	MONDO:excludeNonDisease
DOID:1061	MONDO:excludeNonDisease
DOID:10621	MONDO:excludeNonDisease
DOID:10626	MONDO:excludeNonDisease
DOID:10630	MONDO:excludeNonDisease
DOID:10645	MONDO:excludeNonDisease
DOID:10659	MONDO:excludeNonDisease
DOID:10689	MONDO:excludeNonDisease
DOID:10708	MONDO:excludeNonDisease
DOID:10717	MONDO:excludeNonDisease
DOID:10731	MONDO:excludeNonDisease
DOID:10747	MONDO:excludeNonDisease
DOID:1075	MONDO:excludeNonDisease
DOID:10760	MONDO:excludeNonDisease
DOID:10764	MONDO:excludeNonDisease
DOID:1077	MONDO:excludeNonDisease
DOID:10774	MONDO:excludeNonDisease
DOID:1078	MONDO:excludeNonDisease
DOID:10788	MONDO:excludeNonDisease
DOID:10795	MONDO:excludeNonDisease
DOID:10803	MONDO:excludeNonDisease
DOID:10815	MONDO:excludeNonDisease
DOID:10818	MONDO:excludeNonDisease
DOID:10827	MONDO:excludeNonDisease
DOID:10836	MONDO:excludeNonDisease
DOID:10837	MONDO:excludeNonDisease
DOID:10838	MONDO:excludeNonDisease
DOID:10848	MONDO:excludeNonDisease
DOID:1086	MONDO:excludeNonDisease
DOID:10875	MONDO:excludeNonDisease
DOID:10877	MONDO:excludeNonDisease
DOID:10901	MONDO:excludeNonDisease
DOID:10902	MONDO:excludeNonDisease
DOID:10910	MONDO:excludeNonDisease
DOID:10911	MONDO:excludeNonDisease
DOID:10918	MONDO:excludeNonDisease
DOID:10919	MONDO:excludeNonDisease
DOID:10922	MONDO:excludeNonDisease
DOID:10924	MONDO:excludeNonDisease
DOID:10925	MONDO:excludeNonDisease
DOID:10957	MONDO:excludeNonDisease
DOID:10958	MONDO:excludeNonDisease
DOID:10959	MONDO:excludeNonDisease
DOID:1097	MONDO:excludeNonDisease
DOID:10978	MONDO:excludeNonDisease
DOID:10979	MONDO:excludeNonDisease
DOID:10980	MONDO:excludeNonDisease
DOID:10998	MONDO:excludeNonDisease
DOID:11000	MONDO:excludeNonDisease
DOID:11001	MONDO:excludeNonDisease
DOID:11002	MONDO:excludeNonDisease
DOID:11003	MONDO:excludeNonDisease
DOID:11005	MONDO:excludeNonDisease
DOID:11018	MONDO:excludeNonDisease
DOID:11019	MONDO:excludeNonDisease
DOID:11020	MONDO:excludeNonDisease
DOID:11027	MONDO:excludeNonDisease
DOID:1103	MONDO:excludeNonDisease
DOID:1105	MONDO:excludeNonDisease
DOID:11056	MONDO:excludeNonDisease
DOID:11074	MONDO:excludeNonDisease
DOID:1109	MONDO:excludeNonDisease
DOID:11091	MONDO:excludeNonDisease
DOID:11092	MONDO:excludeNonDisease
DOID:11093	MONDO:excludeNonDisease
DOID:11096	MONDO:excludeNonDisease
DOID:11097	MONDO:excludeNonDisease
DOID:11099	MONDO:excludeNonDisease
DOID:1110	MONDO:excludeNonDisease
DOID:11106	MONDO:excludeNonDisease
DOID:11107	MONDO:excludeNonDisease
DOID:1111	MONDO:excludeNonDisease
DOID:11110	MONDO:excludeNonDisease
DOID:11118	MONDO:excludeNonDisease
DOID:1112	MONDO:excludeNonDisease
DOID:1113	MONDO:excludeNonDisease
DOID:11144	MONDO:excludeNonDisease
DOID:11145	MONDO:excludeNonDisease
DOID:11147	MONDO:excludeNonDisease
DOID:11150	MONDO:excludeNonDisease
DOID:11158	MONDO:excludeNonDisease
DOID:11163	MONDO:excludeNonDisease
DOID:11167	MONDO:excludeNonDisease
DOID:11169	MONDO:excludeNonDisease
DOID:11170	MONDO:excludeNonDisease
DOID:11171	MONDO:excludeNonDisease
DOID:11172	MONDO:excludeNonDisease
DOID:11179	MONDO:excludeNonDisease
DOID:11182	MONDO:excludeNonDisease
DOID:11183	MONDO:excludeNonDisease
DOID:1119	MONDO:excludeNonDisease
DOID:11215	MONDO:excludeNonDisease
DOID:1122	MONDO:excludeNonDisease
DOID:11248	MONDO:excludeNonDisease
DOID:11259	MONDO:excludeNonDisease
DOID:11261	MONDO:excludeNonDisease
DOID:11264	MONDO:excludeNonDisease
DOID:11268	MONDO:excludeNonDisease
DOID:11271	MONDO:excludeNonDisease
DOID:11275	MONDO:excludeNonDisease
DOID:11284	MONDO:excludeNonDisease
DOID:11286	MONDO:excludeNonDisease
DOID:11287	MONDO:excludeNonDisease
DOID:113	MONDO:excludeNonDisease
DOID:11307	MONDO:excludeNonDisease
DOID:11308	MONDO:excludeNonDisease
DOID:11309	MONDO:excludeNonDisease
DOID:11314	MONDO:excludeNonDisease
DOID:11327	MONDO:excludeNonDisease
DOID:11340	MONDO:excludeNonDisease
DOID:11341	MONDO:excludeNonDisease
DOID:11346	MONDO:excludeNonDisease
DOID:11347	MONDO:excludeNonDisease
DOID:11349	MONDO:excludeNonDisease
DOID:11350	MONDO:excludeNonDisease
DOID:11352	MONDO:excludeNonDisease
DOID:11361	MONDO:excludeNonDisease
DOID:11377	MONDO:excludeNonDisease
DOID:11403	MONDO:excludeNonDisease
DOID:11404	MONDO:excludeNonDisease
DOID:11409	MONDO:excludeNonDisease
DOID:1141	MONDO:excludeNonDisease
DOID:11418	MONDO:excludeNonDisease
DOID:11421	MONDO:excludeNonDisease
DOID:11436	MONDO:excludeNonDisease
DOID:11441	MONDO:excludeNonDisease
DOID:11442	MONDO:excludeNonDisease
DOID:11451	MONDO:excludeNonDisease
DOID:11489	MONDO:excludeNonDisease
DOID:11490	MONDO:excludeNonDisease
DOID:1150	MONDO:excludeNonDisease
DOID:11523	MONDO:excludeNonDisease
DOID:11524	MONDO:excludeNonDisease
DOID:11525	MONDO:excludeNonDisease
DOID:11535	MONDO:excludeNonDisease
DOID:11575	MONDO:excludeNonDisease
DOID:11578	MONDO:excludeNonDisease
DOID:11582	MONDO:excludeNonDisease
DOID:11584	MONDO:excludeNonDisease
DOID:11597	MONDO:excludeNonDisease
DOID:11600	MONDO:excludeNonDisease
DOID:11604	MONDO:excludeNonDisease
DOID:11606	MONDO:excludeNonDisease
DOID:11607	MONDO:excludeNonDisease
DOID:11649	MONDO:excludeNonDisease
DOID:11654	MONDO:excludeNonDisease
DOID:11662	MONDO:excludeNonDisease
DOID:11680	MONDO:excludeNonDisease
DOID:11683	MONDO:excludeNonDisease
DOID:11696	MONDO:excludeNonDisease
DOID:11699	MONDO:excludeNonDisease
DOID:11705	MONDO:excludeNonDisease
DOID:11711	MONDO:excludeNonDisease
DOID:11730	MONDO:excludeNonDisease
DOID:11732	MONDO:excludeNonDisease
DOID:11733	MONDO:excludeNonDisease
DOID:11734	MONDO:excludeNonDisease
DOID:11735	MONDO:excludeNonDisease
DOID:11741	MONDO:excludeNonDisease
DOID:11753	MONDO:excludeNonDisease
DOID:11756	MONDO:excludeNonDisease
DOID:11770	MONDO:excludeNonDisease
DOID:11775	MONDO:excludeNonDisease
DOID:11802	MONDO:excludeNonDisease
DOID:11806	MONDO:excludeNonDisease
DOID:11810	MONDO:excludeNonDisease
DOID:11815	MONDO:excludeNonDisease
DOID:11828	MONDO:excludeNonDisease
DOID:1183	MONDO:excludeNonDisease
DOID:11837	MONDO:excludeNonDisease
DOID:11849	MONDO:excludeNonDisease
DOID:11852	MONDO:excludeNonDisease
DOID:11854	MONDO:excludeNonDisease
DOID:11855	MONDO:excludeNonDisease
DOID:11856	MONDO:excludeNonDisease
DOID:11861	MONDO:excludeNonDisease
DOID:11862	MONDO:excludeNonDisease
DOID:11868	MONDO:excludeNonDisease
DOID:11872	MONDO:excludeNonDisease
DOID:11873	MONDO:excludeNonDisease
DOID:11892	MONDO:excludeNonDisease
DOID:11893	MONDO:excludeNonDisease
DOID:11896	MONDO:excludeNonDisease
DOID:11897	MONDO:excludeNonDisease
DOID:11902	MONDO:excludeNonDisease
DOID:11939	MONDO:excludeNonDisease
DOID:11943	MONDO:excludeNonDisease
DOID:11944	MONDO:excludeNonDisease
DOID:11945	MONDO:excludeNonDisease
DOID:11946	MONDO:excludeNonDisease
DOID:11947	MONDO:excludeNonDisease
DOID:11950	MONDO:excludeNonDisease
DOID:11952	MONDO:excludeNonDisease
DOID:11954	MONDO:excludeNonDisease
DOID:11955	MONDO:excludeNonDisease
DOID:11964	MONDO:excludeNonDisease
DOID:11970	MONDO:excludeNonDisease
DOID:11977	MONDO:excludeNonDisease
DOID:11978	MONDO:excludeNonDisease
DOID:11987	MONDO:excludeNonDisease
DOID:12000	MONDO:excludeNonDisease
DOID:12017	MONDO:excludeNonDisease
DOID:12019	MONDO:excludeNonDisease
DOID:12020	MONDO:excludeNonDisease
DOID:12021	MONDO:excludeNonDisease
DOID:12022	MONDO:excludeNonDisease
DOID:1204	MONDO:excludeNonDisease
DOID:12040	MONDO:excludeNonDisease
DOID:12052	MONDO:excludeNonDisease
DOID:12054	MONDO:excludeNonDisease
DOID:12056	MONDO:excludeNonDisease
DOID:12058	MONDO:excludeNonDisease
DOID:12061	MONDO:excludeNonDisease
DOID:12065	MONDO:excludeNonDisease
DOID:12076	MONDO:excludeNonDisease
DOID:12091	MONDO:excludeNonDisease
DOID:12092	MONDO:excludeNonDisease
DOID:12097	MONDO:excludeNonDisease
DOID:12104	MONDO:excludeNonDisease
DOID:12106	MONDO:excludeNonDisease
DOID:12107	MONDO:excludeNonDisease
DOID:12111	MONDO:excludeNonDisease
DOID:12113	MONDO:excludeNonDisease
DOID:12115	MONDO:excludeNonDisease
DOID:12121	MONDO:excludeNonDisease
DOID:1213	MONDO:excludeNonDisease
DOID:12133	MONDO:excludeNonDisease
DOID:12135	MONDO:excludeNonDisease
DOID:12136	MONDO:excludeNonDisease
DOID:12141	MONDO:excludeNonDisease
DOID:1215	MONDO:excludeNonDisease
DOID:12150	MONDO:excludeNonDisease
DOID:12151	MONDO:excludeNonDisease
DOID:12180	MONDO:excludeNonDisease
DOID:12189	MONDO:excludeNonDisease
DOID:122	MONDO:excludeNonDisease
DOID:12204	MONDO:excludeNonDisease
DOID:1221	MONDO:excludeNonDisease
DOID:12210	MONDO:excludeNonDisease
DOID:12221	MONDO:excludeNonDisease
DOID:12224	MONDO:excludeNonDisease
DOID:12226	MONDO:excludeNonDisease
DOID:12228	MONDO:excludeNonDisease
DOID:12245	MONDO:excludeNonDisease
DOID:12251	MONDO:excludeNonDisease
DOID:12252	MONDO:excludeNonDisease
DOID:12254	MONDO:excludeNonDisease
DOID:12255	MONDO:excludeNonDisease
DOID:12256	MONDO:excludeNonDisease
DOID:12258	MONDO:excludeNonDisease
DOID:12268	MONDO:excludeNonDisease
DOID:12269	MONDO:excludeNonDisease
DOID:12274	MONDO:excludeNonDisease
DOID:1228	MONDO:excludeNonDisease
DOID:12284	MONDO:excludeNonDisease
DOID:12292	MONDO:excludeNonDisease
DOID:12301	MONDO:excludeNonDisease
DOID:12302	MONDO:excludeNonDisease
DOID:1231	MONDO:excludeNonDisease
DOID:1232	MONDO:excludeNonDisease
DOID:12324	MONDO:excludeNonDisease
DOID:12338	MONDO:excludeNonDisease
DOID:12346	MONDO:excludeNonDisease
DOID:12356	MONDO:excludeNonDisease
DOID:12378	MONDO:excludeNonDisease
DOID:12379	MONDO:excludeNonDisease
DOID:1238	MONDO:excludeNonDisease
DOID:12380	MONDO:excludeNonDisease
DOID:1239	MONDO:excludeNonDisease
DOID:12392	MONDO:excludeNonDisease
DOID:12396	MONDO:excludeNonDisease
DOID:12404	MONDO:excludeNonDisease
DOID:12417	MONDO:excludeNonDisease
DOID:12448	MONDO:excludeNonDisease
DOID:1249	MONDO:excludeNonDisease
DOID:12508	MONDO:excludeNonDisease
DOID:12525	MONDO:excludeNonDisease
DOID:1253	MONDO:excludeNonDisease
DOID:12538	MONDO:excludeNonDisease
DOID:12539	MONDO:excludeNonDisease
DOID:12541	MONDO:excludeNonDisease
DOID:12542	MONDO:excludeNonDisease
DOID:12543	MONDO:excludeNonDisease
DOID:12551	MONDO:excludeNonDisease
DOID:12555	MONDO:excludeNonDisease
DOID:12569	MONDO:excludeNonDisease
DOID:1257	MONDO:excludeNonDisease
DOID:12582	MONDO:excludeNonDisease
DOID:12584	MONDO:excludeNonDisease
DOID:12604	MONDO:excludeNonDisease
DOID:12605	MONDO:excludeNonDisease
DOID:12608	MONDO:excludeNonDisease
DOID:1261	MONDO:excludeNonDisease
DOID:12610	MONDO:excludeNonDisease
DOID:12612	MONDO:excludeNonDisease
DOID:12633	MONDO:excludeNonDisease
DOID:12634	MONDO:excludeNonDisease
DOID:12647	MONDO:excludeNonDisease
DOID:1265	MONDO:excludeNonDisease
DOID:12651	MONDO:excludeNonDisease
DOID:12670	MONDO:excludeNonDisease
DOID:1269	MONDO:excludeNonDisease
DOID:12694	MONDO:excludeNonDisease
DOID:12702	MONDO:excludeNonDisease
DOID:12710	MONDO:excludeNonDisease
DOID:12713	MONDO:excludeNonDisease
DOID:12715	MONDO:excludeNonDisease
DOID:12722	MONDO:excludeNonDisease
DOID:12723	MONDO:excludeNonDisease
DOID:12724	MONDO:excludeNonDisease
DOID:12727	MONDO:excludeNonDisease
DOID:12739	MONDO:excludeNonDisease
DOID:1275	MONDO:excludeNonDisease
DOID:12758	MONDO:excludeNonDisease
DOID:12763	MONDO:excludeNonDisease
DOID:12765	MONDO:excludeNonDisease
DOID:12773	MONDO:excludeNonDisease
DOID:12779	MONDO:excludeNonDisease
DOID:12784	MONDO:excludeNonDisease
DOID:12796	MONDO:excludeNonDisease
DOID:128	MONDO:excludeNonDisease
DOID:12819	MONDO:excludeNonDisease
DOID:12838	MONDO:excludeNonDisease
DOID:12839	MONDO:excludeNonDisease
DOID:12840	MONDO:excludeNonDisease
DOID:12843	MONDO:excludeNonDisease
DOID:12852	MONDO:excludeNonDisease
DOID:12853	MONDO:excludeNonDisease
DOID:12854	MONDO:excludeNonDisease
DOID:12860	MONDO:excludeNonDisease
DOID:12863	MONDO:excludeNonDisease
DOID:12864	MONDO:excludeNonDisease
DOID:12879	MONDO:excludeNonDisease
DOID:12881	MONDO:excludeNonDisease
DOID:12888	MONDO:excludeNonDisease
DOID:12910	MONDO:excludeNonDisease
DOID:12921	MONDO:excludeNonDisease
DOID:12922	MONDO:excludeNonDisease
DOID:12923	MONDO:excludeNonDisease
DOID:12928	MONDO:excludeNonDisease
DOID:12936	MONDO:excludeNonDisease
DOID:12973	MONDO:excludeNonDisease
DOID:12983	MONDO:excludeNonDisease
DOID:12985	MONDO:excludeNonDisease
DOID:130	MONDO:excludeNonDisease
DOID:1301	MONDO:excludeNonDisease
DOID:13019	MONDO:excludeNonDisease
DOID:13020	MONDO:excludeNonDisease
DOID:13021	MONDO:excludeNonDisease
DOID:13023	MONDO:excludeNonDisease
DOID:13032	MONDO:excludeNonDisease
DOID:13040	MONDO:excludeNonDisease
DOID:13047	MONDO:excludeNonDisease
DOID:13049	MONDO:excludeNonDisease
DOID:1305	MONDO:excludeNonDisease
DOID:1306	MONDO:excludeNonDisease
DOID:13063	MONDO:excludeNonDisease
DOID:13076	MONDO:excludeNonDisease
DOID:13077	MONDO:excludeNonDisease
DOID:1308	MONDO:excludeNonDisease
DOID:1311	MONDO:excludeNonDisease
DOID:1313	MONDO:excludeNonDisease
DOID:1314	MONDO:excludeNonDisease
DOID:13149	MONDO:excludeNonDisease
DOID:13157	MONDO:excludeNonDisease
DOID:13164	MONDO:excludeNonDisease
DOID:13165	MONDO:excludeNonDisease
DOID:13175	MONDO:excludeNonDisease
DOID:13177	MONDO:excludeNonDisease
DOID:13192	MONDO:excludeNonDisease
DOID:13194	MONDO:excludeNonDisease
DOID:13202	MONDO:excludeNonDisease
DOID:13211	MONDO:excludeNonDisease
DOID:13212	MONDO:excludeNonDisease
DOID:13213	MONDO:excludeNonDisease
DOID:13219	MONDO:excludeNonDisease
DOID:13224	MONDO:excludeNonDisease
DOID:1323	MONDO:excludeNonDisease
DOID:13232	MONDO:excludeNonDisease
DOID:13251	MONDO:excludeNonDisease
DOID:13253	MONDO:excludeNonDisease
DOID:13257	MONDO:excludeNonDisease
DOID:13262	MONDO:excludeNonDisease
DOID:13273	MONDO:excludeNonDisease
DOID:13274	MONDO:excludeNonDisease
DOID:13275	MONDO:excludeNonDisease
DOID:13277	MONDO:excludeNonDisease
DOID:13278	MONDO:excludeNonDisease
DOID:13285	MONDO:excludeNonDisease
DOID:13305	MONDO:excludeNonDisease
DOID:13307	MONDO:excludeNonDisease
DOID:13308	MONDO:excludeNonDisease
DOID:13309	MONDO:excludeNonDisease
DOID:13315	MONDO:excludeNonDisease
DOID:13319	MONDO:excludeNonDisease
DOID:1332	MONDO:excludeNonDisease
DOID:1333	MONDO:excludeNonDisease
DOID:13335	MONDO:excludeNonDisease
DOID:13338	MONDO:excludeNonDisease
DOID:1334	MONDO:excludeNonDisease
DOID:13342	MONDO:excludeNonDisease
DOID:13343	MONDO:excludeNonDisease
DOID:1335	MONDO:excludeNonDisease
DOID:13350	MONDO:excludeNonDisease
DOID:1336	MONDO:excludeNonDisease
DOID:13361	MONDO:excludeNonDisease
DOID:13364	MONDO:excludeNonDisease
DOID:13376	MONDO:excludeNonDisease
DOID:13380	MONDO:excludeNonDisease
DOID:13387	MONDO:excludeNonDisease
DOID:13397	MONDO:excludeNonDisease
DOID:13398	MONDO:excludeNonDisease
DOID:13408	MONDO:excludeNonDisease
DOID:1341	MONDO:excludeNonDisease
DOID:13416	MONDO:excludeNonDisease
DOID:13459	MONDO:excludeNonDisease
DOID:13468	MONDO:excludeNonDisease
DOID:13469	MONDO:excludeNonDisease
DOID:13470	MONDO:excludeNonDisease
DOID:13471	MONDO:excludeNonDisease
DOID:13480	MONDO:excludeNonDisease
DOID:13484	MONDO:excludeNonDisease
DOID:13518	MONDO:excludeNonDisease
DOID:13526	MONDO:excludeNonDisease
DOID:13527	MONDO:excludeNonDisease
DOID:13528	MONDO:excludeNonDisease
DOID:13535	MONDO:excludeNonDisease
DOID:13554	MONDO:excludeNonDisease
DOID:13555	MONDO:excludeNonDisease
DOID:13556	MONDO:excludeNonDisease
DOID:13558	MONDO:excludeNonDisease
DOID:1356	MONDO:excludeNonDisease
DOID:13562	MONDO:excludeNonDisease
DOID:13573	MONDO:excludeNonDisease
DOID:13577	MONDO:excludeNonDisease
DOID:13581	MONDO:excludeNonDisease
DOID:13582	MONDO:excludeNonDisease
DOID:13583	MONDO:excludeNonDisease
DOID:13601	MONDO:excludeNonDisease
DOID:13602	MONDO:excludeNonDisease
DOID:13604	MONDO:excludeNonDisease
DOID:13605	MONDO:excludeNonDisease
DOID:13623	MONDO:excludeNonDisease
DOID:13643	MONDO:excludeNonDisease
DOID:13644	MONDO:excludeNonDisease
DOID:13648	MONDO:excludeNonDisease
DOID:13650	MONDO:excludeNonDisease
DOID:13663	MONDO:excludeNonDisease
DOID:13668	MONDO:excludeNonDisease
DOID:13670	MONDO:excludeNonDisease
DOID:13679	MONDO:excludeNonDisease
DOID:13680	MONDO:excludeNonDisease
DOID:13681	MONDO:excludeNonDisease
DOID:13682	MONDO:excludeNonDisease
DOID:13693	MONDO:excludeNonDisease
DOID:13694	MONDO:excludeNonDisease
DOID:13695	MONDO:excludeNonDisease
DOID:13696	MONDO:excludeNonDisease
DOID:13702	MONDO:excludeNonDisease
DOID:13720	MONDO:excludeNonDisease
DOID:13723	MONDO:excludeNonDisease
DOID:13734	MONDO:excludeNonDisease
DOID:13753	MONDO:excludeNonDisease
DOID:13754	MONDO:excludeNonDisease
DOID:13755	MONDO:excludeNonDisease
DOID:1376	MONDO:excludeNonDisease
DOID:13762	MONDO:excludeNonDisease
DOID:13763	MONDO:excludeNonDisease
DOID:1378	MONDO:excludeNonDisease
DOID:13817	MONDO:excludeNonDisease
DOID:13818	MONDO:excludeNonDisease
DOID:13820	MONDO:excludeNonDisease
DOID:13837	MONDO:excludeNonDisease
DOID:1384	MONDO:excludeNonDisease
DOID:13844	MONDO:excludeNonDisease
DOID:13845	MONDO:excludeNonDisease
DOID:13850	MONDO:excludeNonDisease
DOID:13869	MONDO:excludeNonDisease
DOID:13887	MONDO:excludeNonDisease
DOID:13906	MONDO:excludeNonDisease
DOID:13923	MONDO:excludeNonDisease
DOID:13954	MONDO:excludeNonDisease
DOID:13962	MONDO:excludeNonDisease
DOID:13969	MONDO:excludeNonDisease
DOID:13970	MONDO:excludeNonDisease
DOID:13975	MONDO:excludeNonDisease
DOID:13979	MONDO:excludeNonDisease
DOID:13980	MONDO:excludeNonDisease
DOID:13995	MONDO:excludeNonDisease
DOID:14001	MONDO:excludeNonDisease
DOID:1402	MONDO:excludeNonDisease
DOID:14038	MONDO:excludeNonDisease
DOID:14041	MONDO:excludeNonDisease
DOID:14044	MONDO:excludeNonDisease
DOID:14045	MONDO:excludeNonDisease
DOID:14056	MONDO:excludeNonDisease
DOID:14063	MONDO:excludeNonDisease
DOID:14072	MONDO:excludeNonDisease
DOID:14090	MONDO:excludeNonDisease
DOID:14108	MONDO:excludeNonDisease
DOID:14114	MONDO:excludeNonDisease
DOID:14117	MONDO:excludeNonDisease
DOID:14157	MONDO:excludeNonDisease
DOID:14163	MONDO:excludeNonDisease
DOID:14178	MONDO:excludeNonDisease
DOID:14182	MONDO:excludeNonDisease
DOID:1419	MONDO:excludeNonDisease
DOID:14190	MONDO:excludeNonDisease
DOID:14191	MONDO:excludeNonDisease
DOID:14200	MONDO:excludeNonDisease
DOID:14215	MONDO:excludeNonDisease
DOID:14258	MONDO:excludeNonDisease
DOID:14263	MONDO:excludeNonDisease
DOID:1427	MONDO:excludeNonDisease
DOID:14278	MONDO:excludeNonDisease
DOID:14311	MONDO:excludeNonDisease
DOID:14312	MONDO:excludeNonDisease
DOID:14313	MONDO:excludeNonDisease
DOID:14326	MONDO:excludeNonDisease
DOID:14327	MONDO:excludeNonDisease
DOID:14338	MONDO:excludeNonDisease
DOID:14339	MONDO:excludeNonDisease
DOID:14360	MONDO:excludeNonDisease
DOID:14363	MONDO:excludeNonDisease
DOID:14401	MONDO:excludeNonDisease
DOID:14419	MONDO:excludeNonDisease
DOID:1442	MONDO:excludeNonDisease
DOID:14421	MONDO:excludeNonDisease
DOID:14425	MONDO:excludeNonDisease
DOID:14426	MONDO:excludeNonDisease
DOID:14433	MONDO:excludeNonDisease
DOID:14434	MONDO:excludeNonDisease
DOID:14467	MONDO:excludeNonDisease
DOID:14473	MONDO:excludeNonDisease
DOID:14474	MONDO:excludeNonDisease
DOID:14475	MONDO:excludeNonDisease
DOID:14476	MONDO:excludeNonDisease
DOID:14477	MONDO:excludeNonDisease
DOID:14490	MONDO:excludeNonDisease
DOID:14492	MONDO:excludeNonDisease
DOID:145	MONDO:excludeNonDisease
DOID:14518	MONDO:excludeNonDisease
DOID:14520	MONDO:excludeNonDisease
DOID:14521	MONDO:excludeNonDisease
DOID:14530	MONDO:excludeNonDisease
DOID:14539	MONDO:excludeNonDisease
DOID:14542	MONDO:excludeNonDisease
DOID:14549	MONDO:excludeNonDisease
DOID:14558	MONDO:excludeNonDisease
DOID:1465	MONDO:excludeNonDisease
DOID:1466	MONDO:excludeNonDisease
DOID:14676	MONDO:excludeNonDisease
DOID:14680	MONDO:excludeNonDisease
DOID:1469	MONDO:excludeNonDisease
DOID:14727	MONDO:excludeNonDisease
DOID:14739	MONDO:excludeNonDisease
DOID:14787	MONDO:excludeNonDisease
DOID:1486	MONDO:excludeNonDisease
DOID:1487	MONDO:excludeNonDisease
DOID:1491	MONDO:excludeNonDisease
DOID:1492	MONDO:excludeNonDisease
DOID:1499	MONDO:excludeNonDisease
DOID:1511	MONDO:excludeNonDisease
DOID:1515	MONDO:excludeNonDisease
DOID:1516	MONDO:excludeNonDisease
DOID:1528	MONDO:excludeNonDisease
DOID:153	MONDO:excludeNonDisease
DOID:1530	MONDO:excludeNonDisease
DOID:1543	MONDO:excludeNonDisease
DOID:155	MONDO:excludeNonDisease
DOID:1550	MONDO:excludeNonDisease
DOID:1568	MONDO:excludeNonDisease
DOID:157	MONDO:excludeNonDisease
DOID:1585	MONDO:excludeNonDisease
DOID:159	MONDO:excludeNonDisease
DOID:1592	MONDO:excludeNonDisease
DOID:1593	MONDO:excludeNonDisease
DOID:1597	MONDO:excludeNonDisease
DOID:1599	MONDO:excludeNonDisease
DOID:1620	MONDO:excludeNonDisease
DOID:1624	MONDO:excludeNonDisease
DOID:163	MONDO:excludeNonDisease
DOID:1634	MONDO:excludeNonDisease
DOID:164	MONDO:excludeNonDisease
DOID:1661	MONDO:excludeNonDisease
DOID:1665	MONDO:excludeNonDisease
DOID:1666	MONDO:excludeNonDisease
DOID:1667	MONDO:excludeNonDisease
DOID:1685	MONDO:excludeNonDisease
DOID:1695	MONDO:excludeNonDisease
DOID:1699	MONDO:excludeNonDisease
DOID:1709	MONDO:excludeNonDisease
DOID:1730	MONDO:excludeNonDisease
DOID:1734	MONDO:excludeNonDisease
DOID:1741	MONDO:excludeNonDisease
DOID:1744	MONDO:excludeNonDisease
DOID:1758	MONDO:excludeNonDisease
DOID:1801	MONDO:excludeNonDisease
DOID:1804	MONDO:excludeNonDisease
DOID:1805	MONDO:excludeNonDisease
DOID:1806	MONDO:excludeNonDisease
DOID:1823	MONDO:excludeNonDisease
DOID:1832	MONDO:excludeNonDisease
DOID:1845	MONDO:excludeNonDisease
DOID:1873	MONDO:excludeNonDisease
DOID:1886	MONDO:excludeNonDisease
DOID:1908	MONDO:excludeNonDisease
DOID:1912	MONDO:excludeNonDisease
DOID:1913	MONDO:excludeNonDisease
DOID:1922	MONDO:excludeNonDisease
DOID:1938	MONDO:excludeNonDisease
DOID:194	MONDO:excludeNonDisease
DOID:1941	MONDO:excludeNonDisease
DOID:195	MONDO:excludeNonDisease
DOID:1954	MONDO:excludeNonDisease
DOID:196	MONDO:excludeNonDisease
DOID:1966	MONDO:excludeNonDisease
DOID:197	MONDO:excludeNonDisease
DOID:1977	MONDO:excludeNonDisease
DOID:1978	MONDO:excludeNonDisease
DOID:198	MONDO:excludeNonDisease
DOID:1982	MONDO:excludeNonDisease
DOID:1983	MONDO:excludeNonDisease
DOID:1986	MONDO:excludeNonDisease
DOID:1987	MONDO:excludeNonDisease
DOID:1990	MONDO:excludeNonDisease
DOID:1991	MONDO:excludeNonDisease
DOID:2005	MONDO:excludeNonDisease
DOID:2010	MONDO:excludeNonDisease
DOID:2014	MONDO:excludeNonDisease
DOID:2022	MONDO:excludeNonDisease
DOID:2027	MONDO:excludeNonDisease
DOID:2038	MONDO:excludeNonDisease
DOID:2062	MONDO:excludeNonDisease
DOID:2069	MONDO:excludeNonDisease
DOID:2070	MONDO:excludeNonDisease
DOID:2077	MONDO:excludeNonDisease
DOID:208	MONDO:excludeNonDisease
DOID:2083	MONDO:excludeNonDisease
DOID:2085	MONDO:excludeNonDisease
DOID:2086	MONDO:excludeNonDisease
DOID:2088	MONDO:excludeNonDisease
DOID:2089	MONDO:excludeNonDisease
DOID:2094	MONDO:excludeNonDisease
DOID:2099	MONDO:excludeNonDisease
DOID:2100	MONDO:excludeNonDisease
DOID:2108	MONDO:excludeNonDisease
DOID:211	MONDO:excludeNonDisease
DOID:2124	MONDO:excludeNonDisease
DOID:2128	MONDO:excludeNonDisease
DOID:2131	MONDO:excludeNonDisease
DOID:2147	MONDO:excludeNonDisease
DOID:2158	MONDO:excludeNonDisease
DOID:2172	MONDO:excludeNonDisease
DOID:2177	MONDO:excludeNonDisease
DOID:2179	MONDO:excludeNonDisease
DOID:2180	MONDO:excludeNonDisease
DOID:2186	MONDO:excludeNonDisease
DOID:2212	MONDO:excludeNonDisease
DOID:2225	MONDO:excludeNonDisease
DOID:2227	MONDO:excludeNonDisease
DOID:2230	MONDO:excludeNonDisease
DOID:2232	MONDO:excludeNonDisease
DOID:2233	MONDO:excludeNonDisease
DOID:2242	MONDO:excludeNonDisease
DOID:2255	MONDO:excludeNonDisease
DOID:2257	MONDO:excludeNonDisease
DOID:2265	MONDO:excludeNonDisease
DOID:2271	MONDO:excludeNonDisease
DOID:2279	MONDO:excludeNonDisease
DOID:2313	MONDO:excludeNonDisease
DOID:2321	MONDO:excludeNonDisease
DOID:2323	MONDO:excludeNonDisease
DOID:2324	MONDO:excludeNonDisease
DOID:2325	MONDO:excludeNonDisease
DOID:2328	MONDO:excludeNonDisease
DOID:2329	MONDO:excludeNonDisease
DOID:233	MONDO:excludeNonDisease
DOID:2334	MONDO:excludeNonDisease
DOID:2350	MONDO:excludeNonDisease
DOID:2369	MONDO:excludeNonDisease
DOID:237	MONDO:excludeNonDisease
DOID:2370	MONDO:excludeNonDisease
DOID:2376	MONDO:excludeNonDisease
DOID:2381	MONDO:excludeNonDisease
DOID:2385	MONDO:excludeNonDisease
DOID:2389	MONDO:excludeNonDisease
DOID:239	MONDO:excludeNonDisease
DOID:2399	MONDO:excludeNonDisease
DOID:2402	MONDO:excludeNonDisease
DOID:2412	MONDO:excludeNonDisease
DOID:2413	MONDO:excludeNonDisease
DOID:2415	MONDO:excludeNonDisease
DOID:2417	MONDO:excludeNonDisease
DOID:2421	MONDO:excludeNonDisease
DOID:2423	MONDO:excludeNonDisease
DOID:2424	MONDO:excludeNonDisease
DOID:2434	MONDO:excludeNonDisease
DOID:2437	MONDO:excludeNonDisease
DOID:2446	MONDO:excludeNonDisease
DOID:2467	MONDO:excludeNonDisease
DOID:2469	MONDO:excludeNonDisease
DOID:2470	MONDO:excludeNonDisease
DOID:2471	MONDO:excludeNonDisease
DOID:2481	MONDO:excludeNonDisease
DOID:2487	MONDO:excludeNonDisease
DOID:2492	MONDO:excludeNonDisease
DOID:250	MONDO:excludeNonDisease
DOID:2503	MONDO:excludeNonDisease
DOID:2514	MONDO:excludeNonDisease
DOID:2515	MONDO:excludeNonDisease
DOID:2524	MONDO:excludeNonDisease
DOID:2528	MONDO:excludeNonDisease
DOID:2545	MONDO:excludeNonDisease
DOID:2546	MONDO:excludeNonDisease
DOID:2547	MONDO:excludeNonDisease
DOID:2549	MONDO:excludeNonDisease
DOID:2551	MONDO:excludeNonDisease
DOID:2563	MONDO:excludeNonDisease
DOID:2567	MONDO:excludeNonDisease
DOID:2573	MONDO:excludeNonDisease
DOID:2574	MONDO:excludeNonDisease
DOID:2584	MONDO:excludeNonDisease
DOID:2585	MONDO:excludeNonDisease
DOID:2586	MONDO:excludeNonDisease
DOID:2587	MONDO:excludeNonDisease
DOID:2588	MONDO:excludeNonDisease
DOID:2589	MONDO:excludeNonDisease
DOID:259	MONDO:excludeNonDisease
DOID:2591	MONDO:excludeNonDisease
DOID:2592	MONDO:excludeNonDisease
DOID:2620	MONDO:excludeNonDisease
DOID:2622	MONDO:excludeNonDisease
DOID:2623	MONDO:excludeNonDisease
DOID:2629	MONDO:excludeNonDisease
DOID:2630	MONDO:excludeNonDisease
DOID:2631	MONDO:excludeNonDisease
DOID:2633	MONDO:excludeNonDisease
DOID:2635	MONDO:excludeNonDisease
DOID:2642	MONDO:excludeNonDisease
DOID:2651	MONDO:excludeNonDisease
DOID:2654	MONDO:excludeNonDisease
DOID:266	MONDO:excludeNonDisease
DOID:2667	MONDO:excludeNonDisease
DOID:2676	MONDO:excludeNonDisease
DOID:2678	MONDO:excludeNonDisease
DOID:2680	MONDO:excludeNonDisease
DOID:2681	MONDO:excludeNonDisease
DOID:2699	MONDO:excludeNonDisease
DOID:2724	MONDO:excludeNonDisease
DOID:2726	MONDO:excludeNonDisease
DOID:2728	MONDO:excludeNonDisease
DOID:2737	MONDO:excludeNonDisease
DOID:2753	MONDO:excludeNonDisease
DOID:2756	MONDO:excludeNonDisease
DOID:2757	MONDO:excludeNonDisease
DOID:2770	MONDO:excludeNonDisease
DOID:2771	MONDO:excludeNonDisease
DOID:2777	MONDO:excludeNonDisease
DOID:2778	MONDO:excludeNonDisease
DOID:2779	MONDO:excludeNonDisease
DOID:2788	MONDO:excludeNonDisease
DOID:2791	MONDO:excludeNonDisease
DOID:280	MONDO:excludeNonDisease
DOID:2809	MONDO:excludeNonDisease
DOID:283	MONDO:excludeNonDisease
DOID:284	MONDO:excludeNonDisease
DOID:2853	MONDO:excludeNonDisease
DOID:2857	MONDO:excludeNonDisease
DOID:287	MONDO:excludeNonDisease
DOID:2873	MONDO:excludeNonDisease
DOID:2874	MONDO:excludeNonDisease
DOID:2878	MONDO:excludeNonDisease
DOID:2880	MONDO:excludeNonDisease
DOID:2882	MONDO:excludeNonDisease
DOID:2890	MONDO:excludeNonDisease
DOID:2898	MONDO:excludeNonDisease
DOID:2905	MONDO:excludeNonDisease
DOID:2906	MONDO:excludeNonDisease
DOID:2910	MONDO:excludeNonDisease
DOID:2918	MONDO:excludeNonDisease
DOID:2930	MONDO:excludeNonDisease
DOID:2936	MONDO:excludeNonDisease
DOID:2937	MONDO:excludeNonDisease
DOID:2938	MONDO:excludeNonDisease
DOID:2939	MONDO:excludeNonDisease
DOID:2943	MONDO:excludeNonDisease
DOID:2946	MONDO:excludeNonDisease
DOID:2947	MONDO:excludeNonDisease
DOID:2948	MONDO:excludeNonDisease
DOID:2949	MONDO:excludeNonDisease
DOID:2950	MONDO:excludeNonDisease
DOID:2956	MONDO:excludeNonDisease
DOID:2958	MONDO:excludeNonDisease
DOID:2961	MONDO:excludeNonDisease
DOID:2974	MONDO:excludeNonDisease
DOID:2976	MONDO:excludeNonDisease
DOID:2980	MONDO:excludeNonDisease
DOID:2985	MONDO:excludeNonDisease
DOID:2989	MONDO:excludeNonDisease
DOID:2990	MONDO:excludeNonDisease
DOID:2991	MONDO:excludeNonDisease
DOID:2995	MONDO:excludeNonDisease
DOID:3	MONDO:excludeNonDisease
DOID:3015	MONDO:excludeNonDisease
DOID:3019	MONDO:excludeNonDisease
DOID:3020	MONDO:excludeNonDisease
DOID:3022	MONDO:excludeNonDisease
DOID:3026	MONDO:excludeNonDisease
DOID:3027	MONDO:excludeNonDisease
DOID:3028	MONDO:excludeNonDisease
DOID:3056	MONDO:excludeNonDisease
DOID:306	MONDO:excludeNonDisease
DOID:3067	MONDO:excludeNonDisease
DOID:3072	MONDO:excludeNonDisease
DOID:3077	MONDO:excludeNonDisease
DOID:3090	MONDO:excludeNonDisease
DOID:3092	MONDO:excludeNonDisease
DOID:3094	MONDO:excludeNonDisease
DOID:3097	MONDO:excludeNonDisease
DOID:3100	MONDO:excludeNonDisease
DOID:3101	MONDO:excludeNonDisease
DOID:3102	MONDO:excludeNonDisease
DOID:3106	MONDO:excludeNonDisease
DOID:3115	MONDO:excludeNonDisease
DOID:313	MONDO:excludeNonDisease
DOID:3137	MONDO:excludeNonDisease
DOID:3143	MONDO:excludeNonDisease
DOID:3157	MONDO:excludeNonDisease
DOID:3163	MONDO:excludeNonDisease
DOID:3164	MONDO:excludeNonDisease
DOID:3166	MONDO:excludeNonDisease
DOID:3169	MONDO:excludeNonDisease
DOID:3171	MONDO:excludeNonDisease
DOID:3208	MONDO:excludeNonDisease
DOID:3212	MONDO:excludeNonDisease
DOID:3215	MONDO:excludeNonDisease
DOID:3217	MONDO:excludeNonDisease
DOID:323	MONDO:excludeNonDisease
DOID:3231	MONDO:excludeNonDisease
DOID:3239	MONDO:excludeNonDisease
DOID:3256	MONDO:excludeNonDisease
DOID:3257	MONDO:excludeNonDisease
DOID:3276	MONDO:excludeNonDisease
DOID:3293	MONDO:excludeNonDisease
DOID:3295	MONDO:excludeNonDisease
DOID:3296	MONDO:excludeNonDisease
DOID:3297	MONDO:excludeNonDisease
DOID:3299	MONDO:excludeNonDisease
DOID:3300	MONDO:excludeNonDisease
DOID:333	MONDO:excludeNonDisease
DOID:3340	MONDO:excludeNonDisease
DOID:3349	MONDO:excludeNonDisease
DOID:3359	MONDO:excludeNonDisease
DOID:336	MONDO:excludeNonDisease
DOID:3365	MONDO:excludeNonDisease
DOID:3378	MONDO:excludeNonDisease
DOID:338	MONDO:excludeNonDisease
DOID:3384	MONDO:excludeNonDisease
DOID:3402	MONDO:excludeNonDisease
DOID:3403	MONDO:excludeNonDisease
DOID:3404	MONDO:excludeNonDisease
DOID:3412	MONDO:excludeNonDisease
DOID:3414	MONDO:excludeNonDisease
DOID:3420	MONDO:excludeNonDisease
DOID:344	MONDO:excludeNonDisease
DOID:3461	MONDO:excludeNonDisease
DOID:3462	MONDO:excludeNonDisease
DOID:3464	MONDO:excludeNonDisease
DOID:3465	MONDO:excludeNonDisease
DOID:3466	MONDO:excludeNonDisease
DOID:3467	MONDO:excludeNonDisease
DOID:3470	MONDO:excludeNonDisease
DOID:3472	MONDO:excludeNonDisease
DOID:3473	MONDO:excludeNonDisease
DOID:3476	MONDO:excludeNonDisease
DOID:3485	MONDO:excludeNonDisease
DOID:3487	MONDO:excludeNonDisease
DOID:3519	MONDO:excludeNonDisease
DOID:3521	MONDO:excludeNonDisease
DOID:3532	MONDO:excludeNonDisease
DOID:3533	MONDO:excludeNonDisease
DOID:3546	MONDO:excludeNonDisease
DOID:356	MONDO:excludeNonDisease
DOID:3568	MONDO:excludeNonDisease
DOID:357	MONDO:excludeNonDisease
DOID:3580	MONDO:excludeNonDisease
DOID:3583	MONDO:excludeNonDisease
DOID:3584	MONDO:excludeNonDisease
DOID:3586	MONDO:excludeNonDisease
DOID:3589	MONDO:excludeNonDisease
DOID:3591	MONDO:excludeNonDisease
DOID:3597	MONDO:excludeNonDisease
DOID:3621	MONDO:excludeNonDisease
DOID:3636	MONDO:excludeNonDisease
DOID:364	MONDO:excludeNonDisease
DOID:3648	MONDO:excludeNonDisease
DOID:3653	MONDO:excludeNonDisease
DOID:366	MONDO:excludeNonDisease
DOID:3667	MONDO:excludeNonDisease
DOID:3668	MONDO:excludeNonDisease
DOID:3680	MONDO:excludeNonDisease
DOID:3686	MONDO:excludeNonDisease
DOID:3694	MONDO:excludeNonDisease
DOID:3695	MONDO:excludeNonDisease
DOID:3715	MONDO:excludeNonDisease
DOID:3718	MONDO:excludeNonDisease
DOID:3726	MONDO:excludeNonDisease
DOID:3729	MONDO:excludeNonDisease
DOID:373	MONDO:excludeNonDisease
DOID:3730	MONDO:excludeNonDisease
DOID:3731	MONDO:excludeNonDisease
DOID:3732	MONDO:excludeNonDisease
DOID:3739	MONDO:excludeNonDisease
DOID:3758	MONDO:excludeNonDisease
DOID:3773	MONDO:excludeNonDisease
DOID:3799	MONDO:excludeNonDisease
DOID:3800	MONDO:excludeNonDisease
DOID:3810	MONDO:excludeNonDisease
DOID:3812	MONDO:excludeNonDisease
DOID:3820	MONDO:excludeNonDisease
DOID:3836	MONDO:excludeNonDisease
DOID:3837	MONDO:excludeNonDisease
DOID:3838	MONDO:excludeNonDisease
DOID:3844	MONDO:excludeNonDisease
DOID:3845	MONDO:excludeNonDisease
DOID:3848	MONDO:excludeNonDisease
DOID:3849	MONDO:excludeNonDisease
DOID:3859	MONDO:excludeNonDisease
DOID:386	MONDO:excludeNonDisease
DOID:3862	MONDO:excludeNonDisease
DOID:3863	MONDO:excludeNonDisease
DOID:3866	MONDO:excludeNonDisease
DOID:3867	MONDO:excludeNonDisease
DOID:3871	MONDO:excludeNonDisease
DOID:3872	MONDO:excludeNonDisease
DOID:3878	MONDO:excludeNonDisease
DOID:3881	MONDO:excludeNonDisease
DOID:3898	MONDO:excludeNonDisease
DOID:3899	MONDO:excludeNonDisease
DOID:390	MONDO:excludeNonDisease
DOID:3902	MONDO:excludeNonDisease
DOID:3909	MONDO:excludeNonDisease
DOID:3914	MONDO:excludeNonDisease
DOID:3916	MONDO:excludeNonDisease
DOID:3939	MONDO:excludeNonDisease
DOID:3974	MONDO:excludeNonDisease
DOID:398	MONDO:excludeNonDisease
DOID:3984	MONDO:excludeNonDisease
DOID:3997	MONDO:excludeNonDisease
DOID:4009	MONDO:excludeNonDisease
DOID:4010	MONDO:excludeNonDisease
DOID:4020	MONDO:excludeNonDisease
DOID:4025	MONDO:excludeNonDisease
DOID:4026	MONDO:excludeNonDisease
DOID:4027	MONDO:excludeNonDisease
DOID:4036	MONDO:excludeNonDisease
DOID:4039	MONDO:excludeNonDisease
DOID:4052	MONDO:excludeNonDisease
DOID:4056	MONDO:excludeNonDisease
DOID:4076	MONDO:excludeNonDisease
DOID:4077	MONDO:excludeNonDisease
DOID:4088	MONDO:excludeNonDisease
DOID:4091	MONDO:excludeNonDisease
DOID:4092	MONDO:excludeNonDisease
DOID:4099	MONDO:excludeNonDisease
DOID:410	MONDO:excludeNonDisease
DOID:4102	MONDO:excludeNonDisease
DOID:4104	MONDO:excludeNonDisease
DOID:4105	MONDO:excludeNonDisease
DOID:4106	MONDO:excludeNonDisease
DOID:4107	MONDO:excludeNonDisease
DOID:411	MONDO:excludeNonDisease
DOID:412	MONDO:excludeNonDisease
DOID:4121	MONDO:excludeNonDisease
DOID:413	MONDO:excludeNonDisease
DOID:414	MONDO:excludeNonDisease
DOID:4142	MONDO:excludeNonDisease
DOID:4144	MONDO:excludeNonDisease
DOID:4161	MONDO:excludeNonDisease
DOID:4165	MONDO:excludeNonDisease
DOID:4170	MONDO:excludeNonDisease
DOID:4172	MONDO:excludeNonDisease
DOID:4173	MONDO:excludeNonDisease
DOID:4200	MONDO:excludeNonDisease
DOID:4224	MONDO:excludeNonDisease
DOID:4228	MONDO:excludeNonDisease
DOID:4238	MONDO:excludeNonDisease
DOID:4240	MONDO:excludeNonDisease
DOID:4245	MONDO:excludeNonDisease
DOID:4246	MONDO:excludeNonDisease
DOID:425	MONDO:excludeNonDisease
DOID:4256	MONDO:excludeNonDisease
DOID:4263	MONDO:excludeNonDisease
DOID:4273	MONDO:excludeNonDisease
DOID:4274	MONDO:excludeNonDisease
DOID:4285	MONDO:excludeNonDisease
DOID:4298	MONDO:excludeNonDisease
DOID:4318	MONDO:excludeNonDisease
DOID:4326	MONDO:excludeNonDisease
DOID:433	MONDO:excludeNonDisease
DOID:4332	MONDO:excludeNonDisease
DOID:434	MONDO:excludeNonDisease
DOID:4349	MONDO:excludeNonDisease
DOID:435	MONDO:excludeNonDisease
DOID:4350	MONDO:excludeNonDisease
DOID:4351	MONDO:excludeNonDisease
DOID:4356	MONDO:excludeNonDisease
DOID:4357	MONDO:excludeNonDisease
DOID:4358	MONDO:excludeNonDisease
DOID:4369	MONDO:excludeNonDisease
DOID:4375	MONDO:excludeNonDisease
DOID:4381	MONDO:excludeNonDisease
DOID:4383	MONDO:excludeNonDisease
DOID:4387	MONDO:excludeNonDisease
DOID:4393	MONDO:excludeNonDisease
DOID:4403	MONDO:excludeNonDisease
DOID:4410	MONDO:excludeNonDisease
DOID:4412	MONDO:excludeNonDisease
DOID:4425	MONDO:excludeNonDisease
DOID:4443	MONDO:excludeNonDisease
DOID:4445	MONDO:excludeNonDisease
DOID:4446	MONDO:excludeNonDisease
DOID:4452	MONDO:excludeNonDisease
DOID:4478	MONDO:excludeNonDisease
DOID:448	MONDO:excludeNonDisease
DOID:449	MONDO:excludeNonDisease
DOID:4493	MONDO:excludeNonDisease
DOID:4496	MONDO:excludeNonDisease
DOID:4499	MONDO:excludeNonDisease
DOID:4502	MONDO:excludeNonDisease
DOID:4509	MONDO:excludeNonDisease
DOID:4539	MONDO:excludeNonDisease
DOID:457	MONDO:excludeNonDisease
DOID:4582	MONDO:excludeNonDisease
DOID:4583	MONDO:excludeNonDisease
DOID:4585	MONDO:excludeNonDisease
DOID:4589	MONDO:excludeNonDisease
DOID:4590	MONDO:excludeNonDisease
DOID:4595	MONDO:excludeNonDisease
DOID:4596	MONDO:excludeNonDisease
DOID:4598	MONDO:excludeNonDisease
DOID:4615	MONDO:excludeNonDisease
DOID:4616	MONDO:excludeNonDisease
DOID:462	MONDO:excludeNonDisease
DOID:4625	MONDO:excludeNonDisease
DOID:4629	MONDO:excludeNonDisease
DOID:4631	MONDO:excludeNonDisease
DOID:4641	MONDO:excludeNonDisease
DOID:4655	MONDO:excludeNonDisease
DOID:4665	MONDO:excludeNonDisease
DOID:4667	MONDO:excludeNonDisease
DOID:4668	MONDO:excludeNonDisease
DOID:4684	MONDO:excludeNonDisease
DOID:4694	MONDO:excludeNonDisease
DOID:4700	MONDO:excludeNonDisease
DOID:4705	MONDO:excludeNonDisease
DOID:4711	MONDO:excludeNonDisease
DOID:4712	MONDO:excludeNonDisease
DOID:4714	MONDO:excludeNonDisease
DOID:4725	MONDO:excludeNonDisease
DOID:4726	MONDO:excludeNonDisease
DOID:4727	MONDO:excludeNonDisease
DOID:4738	MONDO:excludeNonDisease
DOID:4742	MONDO:excludeNonDisease
DOID:4746	MONDO:excludeNonDisease
DOID:4748	MONDO:excludeNonDisease
DOID:4754	MONDO:excludeNonDisease
DOID:4758	MONDO:excludeNonDisease
DOID:4760	MONDO:excludeNonDisease
DOID:4772	MONDO:excludeNonDisease
DOID:4775	MONDO:excludeNonDisease
DOID:478	MONDO:excludeNonDisease
DOID:4786	MONDO:excludeNonDisease
DOID:4794	MONDO:excludeNonDisease
DOID:4799	MONDO:excludeNonDisease
DOID:4800	MONDO:excludeNonDisease
DOID:4804	MONDO:excludeNonDisease
DOID:4807	MONDO:excludeNonDisease
DOID:4808	MONDO:excludeNonDisease
DOID:4809	MONDO:excludeNonDisease
DOID:481	MONDO:excludeNonDisease
DOID:4814	MONDO:excludeNonDisease
DOID:4816	MONDO:excludeNonDisease
DOID:4818	MONDO:excludeNonDisease
DOID:4819	MONDO:excludeNonDisease
DOID:4828	MONDO:excludeNonDisease
DOID:4831	MONDO:excludeNonDisease
DOID:4832	MONDO:excludeNonDisease
DOID:4833	MONDO:excludeNonDisease
DOID:4841	MONDO:excludeNonDisease
DOID:4850	MONDO:excludeNonDisease
DOID:4864	MONDO:excludeNonDisease
DOID:4865	MONDO:excludeNonDisease
DOID:488	MONDO:excludeNonDisease
DOID:4882	MONDO:excludeNonDisease
DOID:4884	MONDO:excludeNonDisease
DOID:4887	MONDO:excludeNonDisease
DOID:4898	MONDO:excludeNonDisease
DOID:4900	MONDO:excludeNonDisease
DOID:4904	MONDO:excludeNonDisease
DOID:4911	MONDO:excludeNonDisease
DOID:4912	MONDO:excludeNonDisease
DOID:4924	MONDO:excludeNonDisease
DOID:4925	MONDO:excludeNonDisease
DOID:4935	MONDO:excludeNonDisease
DOID:4936	MONDO:excludeNonDisease
DOID:4937	MONDO:excludeNonDisease
DOID:4942	MONDO:excludeNonDisease
DOID:4956	MONDO:excludeNonDisease
DOID:4958	MONDO:excludeNonDisease
DOID:4966	MONDO:excludeNonDisease
DOID:4967	MONDO:excludeNonDisease
DOID:4975	MONDO:excludeNonDisease
DOID:4978	MONDO:excludeNonDisease
DOID:4979	MONDO:excludeNonDisease
DOID:4982	MONDO:excludeNonDisease
DOID:4983	MONDO:excludeNonDisease
DOID:4987	MONDO:excludeNonDisease
DOID:4999	MONDO:excludeNonDisease
DOID:5000	MONDO:excludeNonDisease
DOID:5002	MONDO:excludeNonDisease
DOID:5006	MONDO:excludeNonDisease
DOID:5007	MONDO:excludeNonDisease
DOID:5017	MONDO:excludeNonDisease
DOID:5019	MONDO:excludeNonDisease
DOID:5027	MONDO:excludeNonDisease
DOID:5028	MONDO:excludeNonDisease
DOID:5029	MONDO:excludeNonDisease
DOID:5053	MONDO:excludeNonDisease
DOID:5055	MONDO:excludeNonDisease
DOID:5069	MONDO:excludeNonDisease
DOID:5070	MONDO:excludeNonDisease
DOID:5071	MONDO:excludeNonDisease
DOID:5072	MONDO:excludeNonDisease
DOID:5073	MONDO:excludeNonDisease
DOID:5085	MONDO:excludeNonDisease
DOID:5086	MONDO:excludeNonDisease
DOID:5087	MONDO:excludeNonDisease
DOID:5097	MONDO:excludeNonDisease
DOID:5107	MONDO:excludeNonDisease
DOID:5115	MONDO:excludeNonDisease
DOID:5116	MONDO:excludeNonDisease
DOID:5120	MONDO:excludeNonDisease
DOID:5133	MONDO:excludeNonDisease
DOID:5184	MONDO:excludeNonDisease
DOID:5185	MONDO:excludeNonDisease
DOID:5205	MONDO:excludeNonDisease
DOID:5215	MONDO:excludeNonDisease
DOID:5226	MONDO:excludeNonDisease
DOID:5227	MONDO:excludeNonDisease
DOID:5228	MONDO:excludeNonDisease
DOID:5231	MONDO:excludeNonDisease
DOID:5239	MONDO:excludeNonDisease
DOID:524	MONDO:excludeNonDisease
DOID:5242	MONDO:excludeNonDisease
DOID:5244	MONDO:excludeNonDisease
DOID:5245	MONDO:excludeNonDisease
DOID:5246	MONDO:excludeNonDisease
DOID:5247	MONDO:excludeNonDisease
DOID:5248	MONDO:excludeNonDisease
DOID:5250	MONDO:excludeNonDisease
DOID:5252	MONDO:excludeNonDisease
DOID:5255	MONDO:excludeNonDisease
DOID:5266	MONDO:excludeNonDisease
DOID:5278	MONDO:excludeNonDisease
DOID:5281	MONDO:excludeNonDisease
DOID:5290	MONDO:excludeNonDisease
DOID:5291	MONDO:excludeNonDisease
DOID:5294	MONDO:excludeNonDisease
DOID:5305	MONDO:excludeNonDisease
DOID:5312	MONDO:excludeNonDisease
DOID:5314	MONDO:excludeNonDisease
DOID:5316	MONDO:excludeNonDisease
DOID:5317	MONDO:excludeNonDisease
DOID:5323	MONDO:excludeNonDisease
DOID:5326	MONDO:excludeNonDisease
DOID:5328	MONDO:excludeNonDisease
DOID:5335	MONDO:excludeNonDisease
DOID:534	MONDO:excludeNonDisease
DOID:5346	MONDO:excludeNonDisease
DOID:5347	MONDO:excludeNonDisease
DOID:5354	MONDO:excludeNonDisease
DOID:5355	MONDO:excludeNonDisease
DOID:5358	MONDO:excludeNonDisease
DOID:5359	MONDO:excludeNonDisease
DOID:536	MONDO:excludeNonDisease
DOID:5360	MONDO:excludeNonDisease
DOID:5361	MONDO:excludeNonDisease
DOID:5369	MONDO:excludeNonDisease
DOID:5380	MONDO:excludeNonDisease
DOID:5397	MONDO:excludeNonDisease
DOID:5399	MONDO:excludeNonDisease
DOID:5400	MONDO:excludeNonDisease
DOID:5404	MONDO:excludeNonDisease
DOID:541	MONDO:excludeNonDisease
DOID:5416	MONDO:excludeNonDisease
DOID:5422	MONDO:excludeNonDisease
DOID:5423	MONDO:excludeNonDisease
DOID:5430	MONDO:excludeNonDisease
DOID:5455	MONDO:excludeNonDisease
DOID:5456	MONDO:excludeNonDisease
DOID:5460	MONDO:excludeNonDisease
DOID:5461	MONDO:excludeNonDisease
DOID:5462	MONDO:excludeNonDisease
DOID:5472	MONDO:excludeNonDisease
DOID:548	MONDO:excludeNonDisease
DOID:5486	MONDO:excludeNonDisease
DOID:5489	MONDO:excludeNonDisease
DOID:5491	MONDO:excludeNonDisease
DOID:5493	MONDO:excludeNonDisease
DOID:5496	MONDO:excludeNonDisease
DOID:5497	MONDO:excludeNonDisease
DOID:5532	MONDO:excludeNonDisease
DOID:5549	MONDO:excludeNonDisease
DOID:5552	MONDO:excludeNonDisease
DOID:5562	MONDO:excludeNonDisease
DOID:5573	MONDO:excludeNonDisease
DOID:5575	MONDO:excludeNonDisease
DOID:5578	MONDO:excludeNonDisease
DOID:558	MONDO:excludeNonDisease
DOID:5594	MONDO:excludeNonDisease
DOID:5599	MONDO:excludeNonDisease
DOID:5600	MONDO:excludeNonDisease
DOID:5601	MONDO:excludeNonDisease
DOID:5609	MONDO:excludeNonDisease
DOID:5611	MONDO:excludeNonDisease
DOID:5613	MONDO:excludeNonDisease
DOID:5616	MONDO:excludeNonDisease
DOID:5622	MONDO:excludeNonDisease
DOID:563	MONDO:excludeNonDisease
DOID:5633	MONDO:excludeNonDisease
DOID:5649	MONDO:excludeNonDisease
DOID:5651	MONDO:excludeNonDisease
DOID:5652	MONDO:excludeNonDisease
DOID:5659	MONDO:excludeNonDisease
DOID:5663	MONDO:excludeNonDisease
DOID:5687	MONDO:excludeNonDisease
DOID:5707	MONDO:excludeNonDisease
DOID:5708	MONDO:excludeNonDisease
DOID:5710	MONDO:excludeNonDisease
DOID:5717	MONDO:excludeNonDisease
DOID:5720	MONDO:excludeNonDisease
DOID:5738	MONDO:excludeNonDisease
DOID:5765	MONDO:excludeNonDisease
DOID:5770	MONDO:excludeNonDisease
DOID:5771	MONDO:excludeNonDisease
DOID:578	MONDO:excludeNonDisease
DOID:5785	MONDO:excludeNonDisease
DOID:5786	MONDO:excludeNonDisease
DOID:5790	MONDO:excludeNonDisease
DOID:5792	MONDO:excludeNonDisease
DOID:5796	MONDO:excludeNonDisease
DOID:5797	MONDO:excludeNonDisease
DOID:5802	MONDO:excludeNonDisease
DOID:581	MONDO:excludeNonDisease
DOID:5818	MONDO:excludeNonDisease
DOID:5819	MONDO:excludeNonDisease
DOID:5832	MONDO:excludeNonDisease
DOID:5857	MONDO:excludeNonDisease
DOID:5863	MONDO:excludeNonDisease
DOID:5865	MONDO:excludeNonDisease
DOID:587	MONDO:excludeNonDisease
DOID:5872	MONDO:excludeNonDisease
DOID:5886	MONDO:excludeNonDisease
DOID:5888	MONDO:excludeNonDisease
DOID:5918	MONDO:excludeNonDisease
DOID:5919	MONDO:excludeNonDisease
DOID:5920	MONDO:excludeNonDisease
DOID:5924	MONDO:excludeNonDisease
DOID:5928	MONDO:excludeNonDisease
DOID:5931	MONDO:excludeNonDisease
DOID:5933	MONDO:excludeNonDisease
DOID:5934	MONDO:excludeNonDisease
DOID:5937	MONDO:excludeNonDisease
DOID:5941	MONDO:excludeNonDisease
DOID:5963	MONDO:excludeNonDisease
DOID:5979	MONDO:excludeNonDisease
DOID:5980	MONDO:excludeNonDisease
DOID:5981	MONDO:excludeNonDisease
DOID:5989	MONDO:excludeNonDisease
DOID:5991	MONDO:excludeNonDisease
DOID:5996	MONDO:excludeNonDisease
DOID:6013	MONDO:excludeNonDisease
DOID:6014	MONDO:excludeNonDisease
DOID:6020	MONDO:excludeNonDisease
DOID:6021	MONDO:excludeNonDisease
DOID:6022	MONDO:excludeNonDisease
DOID:6023	MONDO:excludeNonDisease
DOID:6031	MONDO:excludeNonDisease
DOID:6045	MONDO:excludeNonDisease
DOID:6055	MONDO:excludeNonDisease
DOID:6071	MONDO:excludeNonDisease
DOID:6077	MONDO:excludeNonDisease
DOID:6078	MONDO:excludeNonDisease
DOID:6079	MONDO:excludeNonDisease
DOID:6080	MONDO:excludeNonDisease
DOID:6081	MONDO:excludeNonDisease
DOID:6087	MONDO:excludeNonDisease
DOID:609	MONDO:excludeNonDisease
DOID:6091	MONDO:excludeNonDisease
DOID:6104	MONDO:excludeNonDisease
DOID:6105	MONDO:excludeNonDisease
DOID:6107	MONDO:excludeNonDisease
DOID:6108	MONDO:excludeNonDisease
DOID:6109	MONDO:excludeNonDisease
DOID:611	MONDO:excludeNonDisease
DOID:6111	MONDO:excludeNonDisease
DOID:6122	MONDO:excludeNonDisease
DOID:613	MONDO:excludeNonDisease
DOID:616	MONDO:excludeNonDisease
DOID:617	MONDO:excludeNonDisease
DOID:6174	MONDO:excludeNonDisease
DOID:6178	MONDO:excludeNonDisease
DOID:6180	MONDO:excludeNonDisease
DOID:6184	MONDO:excludeNonDisease
DOID:619	MONDO:excludeNonDisease
DOID:6200	MONDO:excludeNonDisease
DOID:6202	MONDO:excludeNonDisease
DOID:621	MONDO:excludeNonDisease
DOID:6213	MONDO:excludeNonDisease
DOID:622	MONDO:excludeNonDisease
DOID:6240	MONDO:excludeNonDisease
DOID:6246	MONDO:excludeNonDisease
DOID:6250	MONDO:excludeNonDisease
DOID:6268	MONDO:excludeNonDisease
DOID:6273	MONDO:excludeNonDisease
DOID:6277	MONDO:excludeNonDisease
DOID:6287	MONDO:excludeNonDisease
DOID:6288	MONDO:excludeNonDisease
DOID:629	MONDO:excludeNonDisease
DOID:6292	MONDO:excludeNonDisease
DOID:6296	MONDO:excludeNonDisease
DOID:6301	MONDO:excludeNonDisease
DOID:6308	MONDO:excludeNonDisease
DOID:6327	MONDO:excludeNonDisease
DOID:6328	MONDO:excludeNonDisease
DOID:6329	MONDO:excludeNonDisease
DOID:6338	MONDO:excludeNonDisease
DOID:6361	MONDO:excludeNonDisease
DOID:637	MONDO:excludeNonDisease
DOID:638	MONDO:excludeNonDisease
DOID:6382	MONDO:excludeNonDisease
DOID:6384	MONDO:excludeNonDisease
DOID:6385	MONDO:excludeNonDisease
DOID:64	MONDO:excludeNonDisease
DOID:641	MONDO:excludeNonDisease
DOID:642	MONDO:excludeNonDisease
DOID:6424	MONDO:excludeNonDisease
DOID:644	MONDO:excludeNonDisease
DOID:6447	MONDO:excludeNonDisease
DOID:6467	MONDO:excludeNonDisease
DOID:647	MONDO:excludeNonDisease
DOID:6488	MONDO:excludeNonDisease
DOID:6495	MONDO:excludeNonDisease
DOID:6496	MONDO:excludeNonDisease
DOID:6506	MONDO:excludeNonDisease
DOID:652	MONDO:excludeNonDisease
DOID:6532	MONDO:excludeNonDisease
DOID:6533	MONDO:excludeNonDisease
DOID:6535	MONDO:excludeNonDisease
DOID:6540	MONDO:excludeNonDisease
DOID:6544	MONDO:excludeNonDisease
DOID:6545	MONDO:excludeNonDisease
DOID:6546	MONDO:excludeNonDisease
DOID:6549	MONDO:excludeNonDisease
DOID:6556	MONDO:excludeNonDisease
DOID:6563	MONDO:excludeNonDisease
DOID:6573	MONDO:excludeNonDisease
DOID:6574	MONDO:excludeNonDisease
DOID:6577	MONDO:excludeNonDisease
DOID:6578	MONDO:excludeNonDisease
DOID:6602	MONDO:excludeNonDisease
DOID:6604	MONDO:excludeNonDisease
DOID:6609	MONDO:excludeNonDisease
DOID:6618	MONDO:excludeNonDisease
DOID:6628	MONDO:excludeNonDisease
DOID:6630	MONDO:excludeNonDisease
DOID:6631	MONDO:excludeNonDisease
DOID:6632	MONDO:excludeNonDisease
DOID:6663	MONDO:excludeNonDisease
DOID:6667	MONDO:excludeNonDisease
DOID:6675	MONDO:excludeNonDisease
DOID:6681	MONDO:excludeNonDisease
DOID:6689	MONDO:excludeNonDisease
DOID:6690	MONDO:excludeNonDisease
DOID:67	MONDO:excludeNonDisease
DOID:6702	MONDO:excludeNonDisease
DOID:6704	MONDO:excludeNonDisease
DOID:6708	MONDO:excludeNonDisease
DOID:6710	MONDO:excludeNonDisease
DOID:6714	MONDO:excludeNonDisease
DOID:6715	MONDO:excludeNonDisease
DOID:6716	MONDO:excludeNonDisease
DOID:6728	MONDO:excludeNonDisease
DOID:6729	MONDO:excludeNonDisease
DOID:6730	MONDO:excludeNonDisease
DOID:6731	MONDO:excludeNonDisease
DOID:6750	MONDO:excludeNonDisease
DOID:6761	MONDO:excludeNonDisease
DOID:6764	MONDO:excludeNonDisease
DOID:6778	MONDO:excludeNonDisease
DOID:6784	MONDO:excludeNonDisease
DOID:6792	MONDO:excludeNonDisease
DOID:68	MONDO:excludeNonDisease
DOID:6801	MONDO:excludeNonDisease
DOID:6802	MONDO:excludeNonDisease
DOID:6803	MONDO:excludeNonDisease
DOID:6807	MONDO:excludeNonDisease
DOID:6808	MONDO:excludeNonDisease
DOID:6809	MONDO:excludeNonDisease
DOID:6820	MONDO:excludeNonDisease
DOID:6826	MONDO:excludeNonDisease
DOID:6828	MONDO:excludeNonDisease
DOID:6830	MONDO:excludeNonDisease
DOID:6835	MONDO:excludeNonDisease
DOID:6840	MONDO:excludeNonDisease
DOID:6849	MONDO:excludeNonDisease
DOID:6850	MONDO:excludeNonDisease
DOID:6851	MONDO:excludeNonDisease
DOID:6852	MONDO:excludeNonDisease
DOID:6860	MONDO:excludeNonDisease
DOID:6861	MONDO:excludeNonDisease
DOID:6870	MONDO:excludeNonDisease
DOID:6874	MONDO:excludeNonDisease
DOID:6876	MONDO:excludeNonDisease
DOID:6879	MONDO:excludeNonDisease
DOID:6887	MONDO:excludeNonDisease
DOID:6893	MONDO:excludeNonDisease
DOID:6894	MONDO:excludeNonDisease
DOID:6895	MONDO:excludeNonDisease
DOID:6897	MONDO:excludeNonDisease
DOID:6899	MONDO:excludeNonDisease
DOID:69	MONDO:excludeNonDisease
DOID:690	MONDO:excludeNonDisease
DOID:6905	MONDO:excludeNonDisease
DOID:6919	MONDO:excludeNonDisease
DOID:6923	MONDO:excludeNonDisease
DOID:6954	MONDO:excludeNonDisease
DOID:6955	MONDO:excludeNonDisease
DOID:6956	MONDO:excludeNonDisease
DOID:6962	MONDO:excludeNonDisease
DOID:6980	MONDO:excludeNonDisease
DOID:6981	MONDO:excludeNonDisease
DOID:6989	MONDO:excludeNonDisease
DOID:6990	MONDO:excludeNonDisease
DOID:6991	MONDO:excludeNonDisease
DOID:6995	MONDO:excludeNonDisease
DOID:6999	MONDO:excludeNonDisease
DOID:70	MONDO:excludeNonDisease
DOID:7001	MONDO:excludeNonDisease
DOID:7002	MONDO:excludeNonDisease
DOID:7003	MONDO:excludeNonDisease
DOID:7006	MONDO:excludeNonDisease
DOID:7009	MONDO:excludeNonDisease
DOID:7011	MONDO:excludeNonDisease
DOID:7012	MONDO:excludeNonDisease
DOID:7015	MONDO:excludeNonDisease
DOID:7018	MONDO:excludeNonDisease
DOID:702	MONDO:excludeNonDisease
DOID:7023	MONDO:excludeNonDisease
DOID:7025	MONDO:excludeNonDisease
DOID:7026	MONDO:excludeNonDisease
DOID:7029	MONDO:excludeNonDisease
DOID:7043	MONDO:excludeNonDisease
DOID:7053	MONDO:excludeNonDisease
DOID:7061	MONDO:excludeNonDisease
DOID:7070	MONDO:excludeNonDisease
DOID:7074	MONDO:excludeNonDisease
DOID:7075	MONDO:excludeNonDisease
DOID:7078	MONDO:excludeNonDisease
DOID:7083	MONDO:excludeNonDisease
DOID:7084	MONDO:excludeNonDisease
DOID:7099	MONDO:excludeNonDisease
DOID:7145	MONDO:excludeNonDisease
DOID:7149	MONDO:excludeNonDisease
DOID:715	MONDO:excludeNonDisease
DOID:7150	MONDO:excludeNonDisease
DOID:7155	MONDO:excludeNonDisease
DOID:7156	MONDO:excludeNonDisease
DOID:7157	MONDO:excludeNonDisease
DOID:7158	MONDO:excludeNonDisease
DOID:716	MONDO:excludeNonDisease
DOID:7162	MONDO:excludeNonDisease
DOID:7164	MONDO:excludeNonDisease
DOID:7170	MONDO:excludeNonDisease
DOID:7171	MONDO:excludeNonDisease
DOID:7186	MONDO:excludeNonDisease
DOID:7215	MONDO:excludeNonDisease
DOID:722	MONDO:excludeNonDisease
DOID:7238	MONDO:excludeNonDisease
DOID:7245	MONDO:excludeNonDisease
DOID:7252	MONDO:excludeNonDisease
DOID:7256	MONDO:excludeNonDisease
DOID:7262	MONDO:excludeNonDisease
DOID:7268	MONDO:excludeNonDisease
DOID:7273	MONDO:excludeNonDisease
DOID:7295	MONDO:excludeNonDisease
DOID:7296	MONDO:excludeNonDisease
DOID:7301	MONDO:excludeNonDisease
DOID:7304	MONDO:excludeNonDisease
DOID:7306	MONDO:excludeNonDisease
DOID:7316	MONDO:excludeNonDisease
DOID:7323	MONDO:excludeNonDisease
DOID:7324	MONDO:excludeNonDisease
DOID:7325	MONDO:excludeNonDisease
DOID:7335	MONDO:excludeNonDisease
DOID:7344	MONDO:excludeNonDisease
DOID:7345	MONDO:excludeNonDisease
DOID:735	MONDO:excludeNonDisease
DOID:7351	MONDO:excludeNonDisease
DOID:7352	MONDO:excludeNonDisease
DOID:7357	MONDO:excludeNonDisease
DOID:7358	MONDO:excludeNonDisease
DOID:7362	MONDO:excludeNonDisease
DOID:7364	MONDO:excludeNonDisease
DOID:7384	MONDO:excludeNonDisease
DOID:7385	MONDO:excludeNonDisease
DOID:739	MONDO:excludeNonDisease
DOID:7391	MONDO:excludeNonDisease
DOID:7407	MONDO:excludeNonDisease
DOID:7410	MONDO:excludeNonDisease
DOID:7419	MONDO:excludeNonDisease
DOID:7420	MONDO:excludeNonDisease
DOID:7423	MONDO:excludeNonDisease
DOID:744	MONDO:excludeNonDisease
DOID:7444	MONDO:excludeNonDisease
DOID:7455	MONDO:excludeNonDisease
DOID:7468	MONDO:excludeNonDisease
DOID:7469	MONDO:excludeNonDisease
DOID:7470	MONDO:excludeNonDisease
DOID:7471	MONDO:excludeNonDisease
DOID:7472	MONDO:excludeNonDisease
DOID:7473	MONDO:excludeNonDisease
DOID:7486	MONDO:excludeNonDisease
DOID:7498	MONDO:excludeNonDisease
DOID:7504	MONDO:excludeNonDisease
DOID:7507	MONDO:excludeNonDisease
DOID:7512	MONDO:excludeNonDisease
DOID:7517	MONDO:excludeNonDisease
DOID:7526	MONDO:excludeNonDisease
DOID:7543	MONDO:excludeNonDisease
DOID:7544	MONDO:excludeNonDisease
DOID:7554	MONDO:excludeNonDisease
DOID:7555	MONDO:excludeNonDisease
DOID:7568	MONDO:excludeNonDisease
DOID:757	MONDO:excludeNonDisease
DOID:7576	MONDO:excludeNonDisease
DOID:7581	MONDO:excludeNonDisease
DOID:7588	MONDO:excludeNonDisease
DOID:7589	MONDO:excludeNonDisease
DOID:759	MONDO:excludeNonDisease
DOID:7590	MONDO:excludeNonDisease
DOID:7593	MONDO:excludeNonDisease
DOID:7601	MONDO:excludeNonDisease
DOID:761	MONDO:excludeNonDisease
DOID:762	MONDO:excludeNonDisease
DOID:763	MONDO:excludeNonDisease
DOID:7636	MONDO:excludeNonDisease
DOID:7638	MONDO:excludeNonDisease
DOID:764	MONDO:excludeNonDisease
DOID:7641	MONDO:excludeNonDisease
DOID:7652	MONDO:excludeNonDisease
DOID:7657	MONDO:excludeNonDisease
DOID:7671	MONDO:excludeNonDisease
DOID:7672	MONDO:excludeNonDisease
DOID:7677	MONDO:excludeNonDisease
DOID:7681	MONDO:excludeNonDisease
DOID:7683	MONDO:excludeNonDisease
DOID:7702	MONDO:excludeNonDisease
DOID:7704	MONDO:excludeNonDisease
DOID:7706	MONDO:excludeNonDisease
DOID:7710	MONDO:excludeNonDisease
DOID:7712	MONDO:excludeNonDisease
DOID:7714	MONDO:excludeNonDisease
DOID:772	MONDO:excludeNonDisease
DOID:7724	MONDO:excludeNonDisease
DOID:7728	MONDO:excludeNonDisease
DOID:773	MONDO:excludeNonDisease
DOID:7739	MONDO:excludeNonDisease
DOID:7753	MONDO:excludeNonDisease
DOID:7754	MONDO:excludeNonDisease
DOID:7786	MONDO:excludeNonDisease
DOID:7793	MONDO:excludeNonDisease
DOID:7799	MONDO:excludeNonDisease
DOID:7801	MONDO:excludeNonDisease
DOID:7805	MONDO:excludeNonDisease
DOID:7809	MONDO:excludeNonDisease
DOID:7810	MONDO:excludeNonDisease
DOID:7812	MONDO:excludeNonDisease
DOID:7814	MONDO:excludeNonDisease
DOID:7815	MONDO:excludeNonDisease
DOID:7833	MONDO:excludeNonDisease
DOID:7834	MONDO:excludeNonDisease
DOID:7836	MONDO:excludeNonDisease
DOID:7847	MONDO:excludeNonDisease
DOID:7850	MONDO:excludeNonDisease
DOID:7855	MONDO:excludeNonDisease
DOID:789	MONDO:excludeNonDisease
DOID:7890	MONDO:excludeNonDisease
DOID:7892	MONDO:excludeNonDisease
DOID:791	MONDO:excludeNonDisease
DOID:7919	MONDO:excludeNonDisease
DOID:792	MONDO:excludeNonDisease
DOID:7920	MONDO:excludeNonDisease
DOID:793	MONDO:excludeNonDisease
DOID:7931	MONDO:excludeNonDisease
DOID:7933	MONDO:excludeNonDisease
DOID:7938	MONDO:excludeNonDisease
DOID:794	MONDO:excludeNonDisease
DOID:7946	MONDO:excludeNonDisease
DOID:795	MONDO:excludeNonDisease
DOID:7956	MONDO:excludeNonDisease
DOID:7966	MONDO:excludeNonDisease
DOID:7979	MONDO:excludeNonDisease
DOID:8004	MONDO:excludeNonDisease
DOID:8005	MONDO:excludeNonDisease
DOID:8011	MONDO:excludeNonDisease
DOID:8014	MONDO:excludeNonDisease
DOID:8016	MONDO:excludeNonDisease
DOID:8018	MONDO:excludeNonDisease
DOID:8019	MONDO:excludeNonDisease
DOID:8021	MONDO:excludeNonDisease
DOID:8024	MONDO:excludeNonDisease
DOID:8026	MONDO:excludeNonDisease
DOID:8045	MONDO:excludeNonDisease
DOID:8055	MONDO:excludeNonDisease
DOID:8079	MONDO:excludeNonDisease
DOID:8080	MONDO:excludeNonDisease
DOID:8084	MONDO:excludeNonDisease
DOID:8087	MONDO:excludeNonDisease
DOID:8089	MONDO:excludeNonDisease
DOID:8094	MONDO:excludeNonDisease
DOID:810	MONDO:excludeNonDisease
DOID:8107	MONDO:excludeNonDisease
DOID:8115	MONDO:excludeNonDisease
DOID:8120	MONDO:excludeNonDisease
DOID:8121	MONDO:excludeNonDisease
DOID:8131	MONDO:excludeNonDisease
DOID:8136	MONDO:excludeNonDisease
DOID:8145	MONDO:excludeNonDisease
DOID:8146	MONDO:excludeNonDisease
DOID:8148	MONDO:excludeNonDisease
DOID:8152	MONDO:excludeNonDisease
DOID:8160	MONDO:excludeNonDisease
DOID:8163	MONDO:excludeNonDisease
DOID:8192	MONDO:excludeNonDisease
DOID:8194	MONDO:excludeNonDisease
DOID:8197	MONDO:excludeNonDisease
DOID:8199	MONDO:excludeNonDisease
DOID:8205	MONDO:excludeNonDisease
DOID:8219	MONDO:excludeNonDisease
DOID:8220	MONDO:excludeNonDisease
DOID:8222	MONDO:excludeNonDisease
DOID:8228	MONDO:excludeNonDisease
DOID:8229	MONDO:excludeNonDisease
DOID:8234	MONDO:excludeNonDisease
DOID:8238	MONDO:excludeNonDisease
DOID:8244	MONDO:excludeNonDisease
DOID:8246	MONDO:excludeNonDisease
DOID:8257	MONDO:excludeNonDisease
DOID:8269	MONDO:excludeNonDisease
DOID:8276	MONDO:excludeNonDisease
DOID:8281	MONDO:excludeNonDisease
DOID:8285	MONDO:excludeNonDisease
DOID:8286	MONDO:excludeNonDisease
DOID:8287	MONDO:excludeNonDisease
DOID:8289	MONDO:excludeNonDisease
DOID:829	MONDO:excludeNonDisease
DOID:8309	MONDO:excludeNonDisease
DOID:8329	MONDO:excludeNonDisease
DOID:8334	MONDO:excludeNonDisease
DOID:8344	MONDO:excludeNonDisease
DOID:8345	MONDO:excludeNonDisease
DOID:8348	MONDO:excludeNonDisease
DOID:8349	MONDO:excludeNonDisease
DOID:8365	MONDO:excludeNonDisease
DOID:8366	MONDO:excludeNonDisease
DOID:8376	MONDO:excludeNonDisease
DOID:8381	MONDO:excludeNonDisease
DOID:8382	MONDO:excludeNonDisease
DOID:8386	MONDO:excludeNonDisease
DOID:8387	MONDO:excludeNonDisease
DOID:8388	MONDO:excludeNonDisease
DOID:8390	MONDO:excludeNonDisease
DOID:8401	MONDO:excludeNonDisease
DOID:8413	MONDO:excludeNonDisease
DOID:8429	MONDO:excludeNonDisease
DOID:8435	MONDO:excludeNonDisease
DOID:844	MONDO:excludeNonDisease
DOID:8444	MONDO:excludeNonDisease
DOID:8449	MONDO:excludeNonDisease
DOID:8451	MONDO:excludeNonDisease
DOID:8452	MONDO:excludeNonDisease
DOID:8453	MONDO:excludeNonDisease
DOID:8458	MONDO:excludeNonDisease
DOID:8459	MONDO:excludeNonDisease
DOID:846	MONDO:excludeNonDisease
DOID:8467	MONDO:excludeNonDisease
DOID:8477	MONDO:excludeNonDisease
DOID:8487	MONDO:excludeNonDisease
DOID:8489	MONDO:excludeNonDisease
DOID:8490	MONDO:excludeNonDisease
DOID:8491	MONDO:excludeNonDisease
DOID:8493	MONDO:excludeNonDisease
DOID:8494	MONDO:excludeNonDisease
DOID:8495	MONDO:excludeNonDisease
DOID:8521	MONDO:excludeNonDisease
DOID:8523	MONDO:excludeNonDisease
DOID:8524	MONDO:excludeNonDisease
DOID:8525	MONDO:excludeNonDisease
DOID:8530	MONDO:excludeNonDisease
DOID:8535	MONDO:excludeNonDisease
DOID:8539	MONDO:excludeNonDisease
DOID:8540	MONDO:excludeNonDisease
DOID:8542	MONDO:excludeNonDisease
DOID:8559	MONDO:excludeNonDisease
DOID:8560	MONDO:excludeNonDisease
DOID:8580	MONDO:excludeNonDisease
DOID:8583	MONDO:excludeNonDisease
DOID:8586	MONDO:excludeNonDisease
DOID:8587	MONDO:excludeNonDisease
DOID:8592	MONDO:excludeNonDisease
DOID:8598	MONDO:excludeNonDisease
DOID:8599	MONDO:excludeNonDisease
DOID:8600	MONDO:excludeNonDisease
DOID:8604	MONDO:excludeNonDisease
DOID:8609	MONDO:excludeNonDisease
DOID:8611	MONDO:excludeNonDisease
DOID:8615	MONDO:excludeNonDisease
DOID:8620	MONDO:excludeNonDisease
DOID:8623	MONDO:excludeNonDisease
DOID:8625	MONDO:excludeNonDisease
DOID:8626	MONDO:excludeNonDisease
DOID:8627	MONDO:excludeNonDisease
DOID:8638	MONDO:excludeNonDisease
DOID:8639	MONDO:excludeNonDisease
DOID:8640	MONDO:excludeNonDisease
DOID:8641	MONDO:excludeNonDisease
DOID:8650	MONDO:excludeNonDisease
DOID:8653	MONDO:excludeNonDisease
DOID:8656	MONDO:excludeNonDisease
DOID:8662	MONDO:excludeNonDisease
DOID:8664	MONDO:excludeNonDisease
DOID:8667	MONDO:excludeNonDisease
DOID:8674	MONDO:excludeNonDisease
DOID:8675	MONDO:excludeNonDisease
DOID:8676	MONDO:excludeNonDisease
DOID:8690	MONDO:excludeNonDisease
DOID:8701	MONDO:excludeNonDisease
DOID:8703	MONDO:excludeNonDisease
DOID:8716	MONDO:excludeNonDisease
DOID:8718	MONDO:excludeNonDisease
DOID:872	MONDO:excludeNonDisease
DOID:8742	MONDO:excludeNonDisease
DOID:8745	MONDO:excludeNonDisease
DOID:8747	MONDO:excludeNonDisease
DOID:8748	MONDO:excludeNonDisease
DOID:8749	MONDO:excludeNonDisease
DOID:8751	MONDO:excludeNonDisease
DOID:8752	MONDO:excludeNonDisease
DOID:8754	MONDO:excludeNonDisease
DOID:8758	MONDO:excludeNonDisease
DOID:8762	MONDO:excludeNonDisease
DOID:8765	MONDO:excludeNonDisease
DOID:8766	MONDO:excludeNonDisease
DOID:8767	MONDO:excludeNonDisease
DOID:8768	MONDO:excludeNonDisease
DOID:8769	MONDO:excludeNonDisease
DOID:8770	MONDO:excludeNonDisease
DOID:8773	MONDO:excludeNonDisease
DOID:8775	MONDO:excludeNonDisease
DOID:8785	MONDO:excludeNonDisease
DOID:8794	MONDO:excludeNonDisease
DOID:8795	MONDO:excludeNonDisease
DOID:8798	MONDO:excludeNonDisease
DOID:8803	MONDO:excludeNonDisease
DOID:8806	MONDO:excludeNonDisease
DOID:8807	MONDO:excludeNonDisease
DOID:8811	MONDO:excludeNonDisease
DOID:8812	MONDO:excludeNonDisease
DOID:8820	MONDO:excludeNonDisease
DOID:8825	MONDO:excludeNonDisease
DOID:8828	MONDO:excludeNonDisease
DOID:8832	MONDO:excludeNonDisease
DOID:8836	MONDO:excludeNonDisease
DOID:8837	MONDO:excludeNonDisease
DOID:8839	MONDO:excludeNonDisease
DOID:8844	MONDO:excludeNonDisease
DOID:8847	MONDO:excludeNonDisease
DOID:8852	MONDO:excludeNonDisease
DOID:8854	MONDO:excludeNonDisease
DOID:8860	MONDO:excludeNonDisease
DOID:8868	MONDO:excludeNonDisease
DOID:887	MONDO:excludeNonDisease
DOID:8870	MONDO:excludeNonDisease
DOID:8871	MONDO:excludeNonDisease
DOID:8875	MONDO:excludeNonDisease
DOID:8876	MONDO:excludeNonDisease
DOID:889	MONDO:excludeNonDisease
DOID:8903	MONDO:excludeNonDisease
DOID:8904	MONDO:excludeNonDisease
DOID:8906	MONDO:excludeNonDisease
DOID:8907	MONDO:excludeNonDisease
DOID:8914	MONDO:excludeNonDisease
DOID:8915	MONDO:excludeNonDisease
DOID:8916	MONDO:excludeNonDisease
DOID:8918	MONDO:excludeNonDisease
DOID:8919	MONDO:excludeNonDisease
DOID:8921	MONDO:excludeNonDisease
DOID:8928	MONDO:excludeNonDisease
DOID:8932	MONDO:excludeNonDisease
DOID:8938	MONDO:excludeNonDisease
DOID:8939	MONDO:excludeNonDisease
DOID:894	MONDO:excludeNonDisease
DOID:895	MONDO:excludeNonDisease
DOID:8958	MONDO:excludeNonDisease
DOID:8959	MONDO:excludeNonDisease
DOID:8962	MONDO:excludeNonDisease
DOID:8964	MONDO:excludeNonDisease
DOID:8973	MONDO:excludeNonDisease
DOID:8974	MONDO:excludeNonDisease
DOID:8976	MONDO:excludeNonDisease
DOID:8977	MONDO:excludeNonDisease
DOID:8978	MONDO:excludeNonDisease
DOID:8979	MONDO:excludeNonDisease
DOID:8980	MONDO:excludeNonDisease
DOID:8990	MONDO:excludeNonDisease
DOID:8992	MONDO:excludeNonDisease
DOID:8994	MONDO:excludeNonDisease
DOID:8995	MONDO:excludeNonDisease
DOID:9001	MONDO:excludeNonDisease
DOID:9010	MONDO:excludeNonDisease
DOID:9017	MONDO:excludeNonDisease
DOID:9019	MONDO:excludeNonDisease
DOID:902	MONDO:excludeNonDisease
DOID:9020	MONDO:excludeNonDisease
DOID:9025	MONDO:excludeNonDisease
DOID:9033	MONDO:excludeNonDisease
DOID:9037	MONDO:excludeNonDisease
DOID:9039	MONDO:excludeNonDisease
DOID:9040	MONDO:excludeNonDisease
DOID:9041	MONDO:excludeNonDisease
DOID:9046	MONDO:excludeNonDisease
DOID:9051	MONDO:excludeNonDisease
DOID:9052	MONDO:excludeNonDisease
DOID:9054	MONDO:excludeNonDisease
DOID:9059	MONDO:excludeNonDisease
DOID:9061	MONDO:excludeNonDisease
DOID:9064	MONDO:excludeNonDisease
DOID:9067	MONDO:excludeNonDisease
DOID:9070	MONDO:excludeNonDisease
DOID:9071	MONDO:excludeNonDisease
DOID:9078	MONDO:excludeNonDisease
DOID:9079	MONDO:excludeNonDisease
DOID:9082	MONDO:excludeNonDisease
DOID:9084	MONDO:excludeNonDisease
DOID:9092	MONDO:excludeNonDisease
DOID:9093	MONDO:excludeNonDisease
DOID:9103	MONDO:excludeNonDisease
DOID:9105	MONDO:excludeNonDisease
DOID:9109	MONDO:excludeNonDisease
DOID:9114	MONDO:excludeNonDisease
DOID:9115	MONDO:excludeNonDisease
DOID:9117	MONDO:excludeNonDisease
DOID:9121	MONDO:excludeNonDisease
DOID:9124	MONDO:excludeNonDisease
DOID:9130	MONDO:excludeNonDisease
DOID:9141	MONDO:excludeNonDisease
DOID:9142	MONDO:excludeNonDisease
DOID:9143	MONDO:excludeNonDisease
DOID:9150	MONDO:excludeNonDisease
DOID:9157	MONDO:excludeNonDisease
DOID:9158	MONDO:excludeNonDisease
DOID:9161	MONDO:excludeNonDisease
DOID:9180	MONDO:excludeNonDisease
DOID:9184	MONDO:excludeNonDisease
DOID:9186	MONDO:excludeNonDisease
DOID:9189	MONDO:excludeNonDisease
DOID:9195	MONDO:excludeNonDisease
DOID:9198	MONDO:excludeNonDisease
DOID:9199	MONDO:excludeNonDisease
DOID:920	MONDO:excludeNonDisease
DOID:9202	MONDO:excludeNonDisease
DOID:9203	MONDO:excludeNonDisease
DOID:9214	MONDO:excludeNonDisease
DOID:9216	MONDO:excludeNonDisease
DOID:9217	MONDO:excludeNonDisease
DOID:9222	MONDO:excludeNonDisease
DOID:9224	MONDO:excludeNonDisease
DOID:9225	MONDO:excludeNonDisease
DOID:9227	MONDO:excludeNonDisease
DOID:9228	MONDO:excludeNonDisease
DOID:9241	MONDO:excludeNonDisease
DOID:9264	MONDO:excludeNonDisease
DOID:927	MONDO:excludeNonDisease
DOID:928	MONDO:excludeNonDisease
DOID:9287	MONDO:excludeNonDisease
DOID:9314	MONDO:excludeNonDisease
DOID:9321	MONDO:excludeNonDisease
DOID:933	MONDO:excludeNonDisease
DOID:9340	MONDO:excludeNonDisease
DOID:9353	MONDO:excludeNonDisease
DOID:9357	MONDO:excludeNonDisease
DOID:9359	MONDO:excludeNonDisease
DOID:937	MONDO:excludeNonDisease
DOID:9370	MONDO:excludeNonDisease
DOID:9373	MONDO:excludeNonDisease
DOID:9377	MONDO:excludeNonDisease
DOID:9379	MONDO:excludeNonDisease
DOID:9385	MONDO:excludeNonDisease
DOID:9403	MONDO:excludeNonDisease
DOID:9405	MONDO:excludeNonDisease
DOID:9411	MONDO:excludeNonDisease
DOID:9413	MONDO:excludeNonDisease
DOID:9414	MONDO:excludeNonDisease
DOID:9422	MONDO:excludeNonDisease
DOID:9426	MONDO:excludeNonDisease
DOID:9443	MONDO:excludeNonDisease
DOID:9450	MONDO:excludeNonDisease
DOID:9468	MONDO:excludeNonDisease
DOID:951	MONDO:excludeNonDisease
DOID:9514	MONDO:excludeNonDisease
DOID:9518	MONDO:excludeNonDisease
DOID:9528	MONDO:excludeNonDisease
DOID:9530	MONDO:excludeNonDisease
DOID:9535	MONDO:excludeNonDisease
DOID:9543	MONDO:excludeNonDisease
DOID:9545	MONDO:excludeNonDisease
DOID:9552	MONDO:excludeNonDisease
DOID:9579	MONDO:excludeNonDisease
DOID:9585	MONDO:excludeNonDisease
DOID:9594	MONDO:excludeNonDisease
DOID:9630	MONDO:excludeNonDisease
DOID:9642	MONDO:excludeNonDisease
DOID:9647	MONDO:excludeNonDisease
DOID:9653	MONDO:excludeNonDisease
DOID:9654	MONDO:excludeNonDisease
DOID:9678	MONDO:excludeNonDisease
DOID:9718	MONDO:excludeNonDisease
DOID:972	MONDO:excludeNonDisease
DOID:9728	MONDO:excludeNonDisease
DOID:9729	MONDO:excludeNonDisease
DOID:9734	MONDO:excludeNonDisease
DOID:9751	MONDO:excludeNonDisease
DOID:9753	MONDO:excludeNonDisease
DOID:9761	MONDO:excludeNonDisease
DOID:9762	MONDO:excludeNonDisease
DOID:9764	MONDO:excludeNonDisease
DOID:9770	MONDO:excludeNonDisease
DOID:9772	MONDO:excludeNonDisease
DOID:9787	MONDO:excludeNonDisease
DOID:9795	MONDO:excludeNonDisease
DOID:98	MONDO:excludeNonDisease
DOID:9804	MONDO:excludeNonDisease
DOID:9805	MONDO:excludeNonDisease
DOID:9815	MONDO:excludeNonDisease
DOID:9816	MONDO:excludeNonDisease
DOID:9818	MONDO:excludeNonDisease
DOID:9819	MONDO:excludeNonDisease
DOID:982	MONDO:excludeNonDisease
DOID:9823	MONDO:excludeNonDisease
DOID:9824	MONDO:excludeNonDisease
DOID:9829	MONDO:excludeNonDisease
DOID:9836	MONDO:excludeNonDisease
DOID:984	MONDO:excludeNonDisease
DOID:985	MONDO:excludeNonDisease
DOID:9855	MONDO:excludeNonDisease
DOID:9866	MONDO:excludeNonDisease
DOID:9878	MONDO:excludeNonDisease
DOID:9889	MONDO:excludeNonDisease
DOID:9890	MONDO:excludeNonDisease
DOID:9891	MONDO:excludeNonDisease
DOID:9899	MONDO:excludeNonDisease
DOID:9900	MONDO:excludeNonDisease
DOID:9913	MONDO:excludeNonDisease
DOID:9915	MONDO:excludeNonDisease
DOID:9916	MONDO:excludeNonDisease
DOID:9919	MONDO:excludeNonDisease
DOID:9925	MONDO:excludeNonDisease
DOID:9929	MONDO:excludeNonDisease
DOID:993	MONDO:excludeNonDisease
DOID:9930	MONDO:excludeNonDisease
DOID:9940	MONDO:excludeNonDisease
DOID:9943	MONDO:excludeNonDisease
DOID:9989	MONDO:excludeNonDisease
DOID:9995	MONDO:excludeNonDisease
